away_form_1,away_form_2,away_form_3,away_form_4,away_form_5,away_position_all,away_position_away,away_position_home,away_previous,away_team,away_winperc_all,away_winperc_away,away_winperc_home,draw_previous,home_form_1,home_form_2,home_form_3,home_form_4,home_form_5,home_position_all,home_position_away,home_position_home,home_previous,home_team,home_winperc_all,home_winperc_away,home_winperc_home,link,result,round,odds_home,odds_draw,odds_away
Lose,Lose,Draw,Lose,Lose,19,19,19,0.0,Brescia,0.16,0.19,0.13,0.0,Win,Win,Win,Win,Win,4,1,4,1.0,Atalanta,0.63,0.63,0.63,https://footystats.org//italy/atalanta-bergamasca-calcio-vs-brescia-calcio-h2h-stats#676649,Home,33,1.13,9.03,18.05
Win,Win,Draw,Lose,Win,8,11,9,0.15,Sassuolo,0.39,0.31,0.47,0.23,Lose,Win,Win,Win,Draw,2,4,2,0.62,Lazio,0.68,0.6,0.75,https://footystats.org//italy/ss-lazio-vs-us-sassuolo-calcio-h2h-stats#676646,Away,32,1.52,4.63,5.59
Lose,Lose,Win,Draw,Lose,5,7,6,1.0,Roma,0.48,0.47,0.5,0.0,Win,Draw,Lose,Draw,Lose,19,19,19,0.0,Brescia,0.16,0.19,0.13,https://footystats.org//italy/brescia-calcio-vs-as-roma-h2h-stats#676644,Away,32,5.62,4.64,1.52
Win,Win,Win,Win,Win,3,1,4,0.04,Atalanta,0.65,0.67,0.63,0.2,Win,Win,Draw,Win,Win,1,3,1,0.76,Juventus,0.77,0.63,0.93,https://footystats.org//italy/juventus-fc-vs-atalanta-bergamasca-calcio-h2h-stats#676639,Draw,32,2.1,3.60,3.33
Lose,Lose,Win,Lose,Lose,20,20,20,0.2,SPAL,0.16,0.19,0.13,0.8,Lose,Lose,Lose,Lose,Win,18,15,18,0.0,Genoa,0.19,0.13,0.27,https://footystats.org//italy/genoa-cfc-vs-societa-polisportiva-ars-et-labor-2013-h2h-stats#676647,Home,32,1.76,3.76,4.56
Win,Win,Lose,Win,Win,10,8,15,0.27,Bologna,0.35,0.47,0.25,0.45,Lose,Lose,Lose,Lose,Win,12,11,14,0.27,Parma,0.35,0.31,0.4,https://footystats.org//italy/parma-calcio-1913-vs-bologna-fc-1909-h2h-stats#676640,Draw,32,3.37,3.39,2.17
Lose,Draw,Lose,Draw,Draw,9,13,5,0.33,Hellas Verona,0.35,0.2,0.5,0.11,Draw,Lose,Draw,Draw,Lose,13,12,16,0.56,Fiorentina,0.26,0.33,0.19,https://footystats.org//italy/acf-fiorentina-vs-hellas-verona-fc-h2h-stats#676641,Draw,32,2.1,3.42,3.53
Lose,Lose,Lose,Win,Lose,17,16,17,0.4,Lecce,0.23,0.27,0.19,0.2,Lose,Win,Lose,Lose,Draw,11,10,12,0.4,Cagliari,0.32,0.25,0.4,https://footystats.org//italy/cagliari-calcio-vs-us-lecce-h2h-stats#676642,Draw,32,2.02,3.66,3.53
Lose,Win,Lose,Lose,Win,16,17,13,0.4,Sampdoria,0.29,0.27,0.31,0.35,Draw,Lose,Draw,Draw,Lose,14,14,11,0.25,Udinese,0.29,0.25,0.33,https://footystats.org//italy/udinese-calcio-vs-uc-sampdoria-h2h-stats#676645,Away,32,2.18,3.04,3.77
Win,Draw,Win,Draw,Draw,7,7,8,0.14,AC Milan,0.45,0.5,0.4,0.45,Win,Win,Draw,Draw,Win,6,5,7,0.41,Napoli,0.48,0.5,0.47,https://footystats.org//italy/ssc-napoli-vs-ac-milan-h2h-stats#676643,Draw,32,2.19,3.50,3.21
Lose,Lose,Lose,Lose,Lose,16,18,11,0.24,Torino,0.32,0.27,0.38,0.41,Lose,Win,Draw,Win,Win,4,2,4,0.35,Inter Milan,0.61,0.67,0.56,https://footystats.org//italy/fc-internazionale-milano-vs-torino-fc-h2h-stats#676648,Home,32,1.38,4.87,8.04
Win,Lose,Win,Win,Draw,2,4,2,0.6,Lazio,0.7,0.64,0.75,0.4,Lose,Lose,Lose,Win,Win,18,14,18,0.0,Lecce,0.2,0.27,0.13,https://footystats.org//italy/us-lecce-vs-ss-lazio-h2h-stats#676633,Home,31,7.44,5.25,1.37
Win,Win,Draw,Lose,Win,1,3,1,0.67,Juventus,0.8,0.67,0.93,0.2,Win,Lose,Win,Draw,Draw,7,5,11,0.13,AC Milan,0.43,0.5,0.36,https://footystats.org//italy/ac-milan-vs-juventus-fc-h2h-stats#676632,Home,31,3.12,3.35,2.3
Draw,Win,Lose,Lose,Draw,11,10,11,0.37,Cagliari,0.33,0.27,0.4,0.26,Lose,Draw,Draw,Lose,Draw,13,11,16,0.37,Fiorentina,0.27,0.33,0.2,https://footystats.org//italy/acf-fiorentina-vs-cagliari-calcio-h2h-stats#676630,Draw,31,1.73,3.82,4.74
Lose,Win,Win,Win,Win,7,6,7,0.52,Napoli,0.47,0.47,0.47,0.28,Lose,Lose,Lose,Win,Lose,18,15,18,0.19,Genoa,0.2,0.13,0.29,https://footystats.org//italy/genoa-cfc-vs-ssc-napoli-h2h-stats#676634,Away,31,5.07,3.99,1.65
Lose,Draw,Lose,Lose,Lose,19,19,19,0.33,Brescia,0.17,0.2,0.13,0.33,Lose,Win,Draw,Lose,Lose,16,17,15,0.33,Torino,0.3,0.27,0.33,https://footystats.org//italy/torino-fc-vs-brescia-calcio-h2h-stats#676629,Home,31,1.59,4.01,5.71
Lose,Win,Draw,Win,Draw,12,9,13,0.14,Parma,0.37,0.33,0.4,0.07,Lose,Win,Win,Win,Lose,6,7,6,0.79,Roma,0.47,0.47,0.47,https://footystats.org//italy/as-roma-vs-parma-calcio-1913-h2h-stats#676635,Home,31,1.64,4.18,4.92
Win,Lose,Lose,Win,Lose,14,16,12,0.53,Sampdoria,0.3,0.29,0.31,0.15,Win,Win,Win,Win,Win,4,1,4,0.32,Atalanta,0.63,0.67,0.6,https://footystats.org//italy/atalanta-bergamasca-calcio-vs-uc-sampdoria-h2h-stats#676636,Home,31,1.28,6.15,9.31
Win,Draw,Lose,Win,Draw,10,12,8,0.27,Sassuolo,0.37,0.27,0.47,0.27,Draw,Lose,Draw,Lose,Win,9,8,14,0.45,Bologna,0.37,0.47,0.27,https://footystats.org//italy/bologna-fc-1909-vs-us-sassuolo-calcio-h2h-stats#676637,Away,31,2.3,3.62,2.92
Win,Lose,Draw,Draw,Lose,15,18,11,0.2,Udinese,0.27,0.2,0.33,0.6,Draw,Lose,Lose,Lose,Lose,20,20,20,0.2,SPAL,0.17,0.19,0.14,https://footystats.org//italy/societa-polisportiva-ars-et-labor-2013-vs-udinese-calcio-h2h-stats#676638,Away,31,3.78,3.38,2.03
Win,Draw,Lose,Win,Lose,4,2,3,0.78,Inter Milan,0.63,0.71,0.56,0.22,Win,Lose,Win,Win,Win,9,13,6,0.0,Hellas Verona,0.37,0.2,0.53,https://footystats.org//italy/hellas-verona-fc-vs-fc-internazionale-milano-h2h-stats#676631,Draw,31,5.58,4.23,1.57
Lose,Lose,Lose,Lose,Lose,15,17,14,0.05,Torino,0.31,0.29,0.33,0.1,Win,Draw,Win,Win,Win,1,1,1,0.84,Juventus,0.79,0.67,0.93,https://footystats.org//italy/juventus-fc-vs-torino-fc-h2h-stats#676628,Home,30,1.3,5.34,10.25
Lose,Lose,Win,Lose,Lose,18,14,18,0.0,Lecce,0.21,0.29,0.13,1.0,Draw,Win,Lose,Win,Win,12,11,8,0.0,Sassuolo,0.34,0.27,0.43,https://footystats.org//italy/us-sassuolo-calcio-vs-us-lecce-h2h-stats#676624,Home,30,1.54,4.66,5.2
Draw,Win,Draw,Draw,Lose,7,7,10,0.37,AC Milan,0.41,0.47,0.36,0.37,Win,Win,Win,Draw,Win,2,4,2,0.26,Lazio,0.72,0.64,0.8,https://footystats.org//italy/ss-lazio-vs-ac-milan-h2h-stats#676625,Away,30,2.06,3.48,3.58
Win,Lose,Win,Win,Lose,12,9,13,0.15,Bologna,0.34,0.43,0.27,0.2,Win,Draw,Win,Win,Lose,3,2,3,0.65,Inter Milan,0.66,0.71,0.6,https://footystats.org//italy/fc-internazionale-milano-vs-bologna-fc-1909-h2h-stats#676620,Away,30,1.39,4.94,7.64
Win,Win,Win,Win,Win,4,3,4,0.5,Atalanta,0.62,0.64,0.6,0.1,Win,Lose,Lose,Draw,Lose,10,10,9,0.4,Cagliari,0.34,0.27,0.43,https://footystats.org//italy/cagliari-calcio-vs-atalanta-bergamasca-calcio-h2h-stats#676619,Away,30,5.12,4.56,1.57
Lose,Draw,Win,Lose,Lose,13,12,16,0.21,Fiorentina,0.24,0.29,0.2,0.42,Lose,Lose,Lose,Win,Lose,11,8,11,0.36,Parma,0.38,0.33,0.43,https://footystats.org//italy/parma-calcio-1913-vs-acf-fiorentina-h2h-stats#676621,Away,30,2.97,3.22,2.46
Draw,Win,Win,Draw,Draw,17,16,17,0.29,Genoa,0.21,0.13,0.29,0.33,Lose,Draw,Draw,Lose,Win,14,18,12,0.38,Udinese,0.28,0.2,0.36,https://footystats.org//italy/udinese-calcio-vs-genoa-cfc-h2h-stats#676622,Draw,30,2.01,3.27,4.02
Draw,Lose,Draw,Draw,Draw,8,13,5,0.44,Hellas Verona,0.38,0.21,0.53,0.22,Draw,Lose,Draw,Lose,Draw,20,19,20,0.33,Brescia,0.14,0.2,0.07,https://footystats.org//italy/brescia-calcio-vs-hellas-verona-fc-h2h-stats#676623,Home,30,4.3,3.62,1.84
Lose,Win,Lose,Lose,Win,19,20,19,0.17,SPAL,0.17,0.2,0.14,0.0,Lose,Win,Lose,Lose,Draw,16,15,15,0.83,Sampdoria,0.28,0.29,0.27,https://footystats.org//italy/uc-sampdoria-vs-societa-polisportiva-ars-et-labor-2013-h2h-stats#676627,Home,30,1.69,3.81,5.06
Lose,Win,Draw,Lose,Lose,5,7,6,0.48,Roma,0.48,0.5,0.47,0.21,Win,Draw,Draw,Win,Draw,7,6,8,0.3,Napoli,0.45,0.47,0.43,https://footystats.org//italy/ssc-napoli-vs-as-roma-h2h-stats#676626,Home,30,1.84,3.73,4.13
Lose,Win,Win,Draw,Lose,2,4,2,0.44,Lazio,0.71,0.62,0.8,0.33,Win,Draw,Lose,Lose,Win,14,16,13,0.22,Torino,0.32,0.29,0.36,https://footystats.org//italy/torino-fc-vs-ss-lazio-h2h-stats#676612,Away,29,4.64,3.87,1.73
Win,Draw,Lose,Win,Draw,1,3,1,0.59,Juventus,0.79,0.64,0.93,0.22,Lose,Lose,Win,Lose,Win,16,15,17,0.18,Genoa,0.21,0.13,0.31,https://footystats.org//italy/genoa-cfc-vs-juventus-fc-h2h-stats#676611,Away,29,9.58,4.68,1.36
Draw,Lose,Lose,Lose,Lose,19,17,20,0.0,Brescia,0.14,0.21,0.07,0.0,Draw,Win,Win,Lose,Win,3,2,3,1.0,Inter Milan,0.64,0.71,0.57,https://footystats.org//italy/fc-internazionale-milano-vs-brescia-calcio-h2h-stats#676609,Home,29,1.2,6.83,13.5
Win,Lose,Lose,Draw,Draw,10,10,9,0.33,Cagliari,0.36,0.29,0.43,0.27,Lose,Draw,Lose,Win,Draw,11,9,14,0.39,Bologna,0.36,0.43,0.29,https://footystats.org//italy/bologna-fc-1909-vs-cagliari-calcio-h2h-stats#676610,Draw,29,2.03,3.51,3.63
Win,Draw,Draw,Lose,Win,7,7,10,1.0,AC Milan,0.43,0.5,0.36,0.0,Lose,Lose,Lose,Lose,Lose,20,19,19,0.0,SPAL,0.18,0.2,0.15,https://footystats.org//italy/societa-polisportiva-ars-et-labor-2013-vs-ac-milan-h2h-stats#676613,Draw,29,7.42,4.33,1.45
Win,Draw,Win,Draw,Lose,8,8,11,0.17,Parma,0.39,0.36,0.43,0.16,Lose,Win,Win,Win,Win,9,12,6,0.67,Hellas Verona,0.36,0.21,0.5,https://footystats.org//italy/hellas-verona-fc-vs-parma-calcio-1913-h2h-stats#676615,Home,29,2.14,3.36,3.46
Lose,Lose,Win,Lose,Draw,16,18,15,0.75,Sampdoria,0.25,0.23,0.27,0.25,Lose,Lose,Win,Win,Draw,18,13,18,0.0,Lecce,0.21,0.29,0.14,https://footystats.org//italy/us-lecce-vs-uc-sampdoria-h2h-stats#676616,Away,29,3.23,3.55,2.17
Draw,Lose,Win,Draw,Lose,12,14,8,0.23,Sassuolo,0.32,0.21,0.43,0.3,Draw,Draw,Lose,Draw,Win,13,11,16,0.46,Fiorentina,0.25,0.29,0.21,https://footystats.org//italy/acf-fiorentina-vs-us-sassuolo-calcio-h2h-stats#676617,Away,29,1.77,3.80,4.43
Win,Win,Win,Win,Win,6,5,7,0.43,Napoli,0.46,0.5,0.43,0.21,Win,Win,Win,Win,Draw,4,3,5,0.35,Atalanta,0.61,0.64,0.57,https://footystats.org//italy/atalanta-bergamasca-calcio-vs-ssc-napoli-h2h-stats#676614,Home,29,2.1,3.72,3.25
Lose,Draw,Draw,Lose,Lose,16,20,12,0.26,Udinese,0.25,0.14,0.36,0.08,Win,Win,Win,Lose,Draw,5,6,6,0.65,Roma,0.5,0.5,0.5,https://footystats.org//italy/as-roma-vs-udinese-calcio-h2h-stats#676618,Away,29,1.85,3.64,4.18
Lose,Win,Lose,Lose,Lose,18,13,18,0.0,Lecce,0.22,0.31,0.14,0.6,Draw,Win,Win,Win,Win,1,1,1,0.4,Juventus,0.78,0.64,0.92,https://footystats.org//italy/juventus-fc-vs-us-lecce-h2h-stats#676605,Home,28,1.12,9.07,21.27
Win,Win,Draw,Draw,Lose,17,16,17,1.0,Genoa,0.22,0.14,0.31,0.0,Lose,Draw,Lose,Draw,Lose,20,17,20,0.0,Brescia,0.15,0.21,0.08,https://footystats.org//italy/brescia-calcio-vs-genoa-cfc-h2h-stats#676602,Draw,28,3.53,3.40,2.09
Lose,Lose,Lose,Lose,Lose,14,15,10,0.4,Torino,0.33,0.31,0.36,0.33,Lose,Lose,Draw,Lose,Lose,10,9,14,0.27,Cagliari,0.33,0.29,0.38,https://footystats.org//italy/cagliari-calcio-vs-torino-fc-h2h-stats#676608,Home,28,2.42,3.16,3.08
Draw,Win,Lose,Lose,Win,13,11,16,0.26,Fiorentina,0.26,0.31,0.21,0.21,Win,Win,Draw,Win,Win,2,4,2,0.52,Lazio,0.7,0.62,0.79,https://footystats.org//italy/ss-lazio-vs-acf-fiorentina-h2h-stats#676601,Home,28,1.76,3.76,4.57
Win,Draw,Lose,Lose,Lose,5,6,6,0.38,Roma,0.52,0.54,0.5,0.33,Lose,Win,Draw,Draw,Win,8,7,14,0.29,AC Milan,0.41,0.5,0.31,https://footystats.org//italy/ac-milan-vs-as-roma-h2h-stats#676606,Home,28,2.44,3.38,2.87
Win,Win,Win,Win,Lose,4,3,4,0.32,Atalanta,0.59,0.62,0.57,0.36,Draw,Draw,Lose,Win,Win,15,20,8,0.32,Udinese,0.26,0.14,0.38,https://footystats.org//italy/udinese-calcio-vs-atalanta-bergamasca-calcio-h2h-stats#676599,Away,28,5.91,4.23,1.55
Lose,Win,Win,Lose,Win,11,10,13,0.35,Bologna,0.33,0.38,0.29,0.23,Win,Lose,Lose,Draw,Win,16,18,15,0.41,Sampdoria,0.26,0.23,0.29,https://footystats.org//italy/uc-sampdoria-vs-bologna-fc-1909-h2h-stats#676600,Away,28,2.81,3.26,2.55
Lose,Draw,Draw,Draw,Draw,10,12,5,0.4,Hellas Verona,0.37,0.23,0.5,0.2,Win,Lose,Win,Win,Lose,12,14,9,0.4,Sassuolo,0.33,0.21,0.46,https://footystats.org//italy/us-sassuolo-calcio-vs-hellas-verona-fc-h2h-stats#676603,Draw,28,2.42,3.24,3.02
Win,Lose,Lose,Win,Lose,19,19,19,0.0,SPAL,0.19,0.21,0.15,0.2,Draw,Draw,Win,Draw,Lose,6,5,12,0.8,Napoli,0.44,0.5,0.38,https://footystats.org//italy/ssc-napoli-vs-societa-polisportiva-ars-et-labor-2013-h2h-stats#676607,Home,28,1.29,5.48,10.22
Draw,Lose,Win,Lose,Win,3,2,3,0.38,Inter Milan,0.63,0.69,0.57,0.3,Lose,Lose,Win,Lose,Win,7,8,10,0.31,Parma,0.41,0.36,0.46,https://footystats.org//italy/parma-calcio-1913-vs-fc-internazionale-milano-h2h-stats#676604,Away,28,6.52,4.28,1.5
Lose,Lose,Lose,Lose,Draw,20,18,20,0.0,Brescia,0.15,0.23,0.08,1.0,Draw,Lose,Draw,Win,Win,13,10,16,0.0,Fiorentina,0.27,0.31,0.23,https://footystats.org//italy/acf-fiorentina-vs-brescia-calcio-h2h-stats#676589,Draw,27,1.34,4.97,9.54
Draw,Draw,Lose,Win,Win,9,7,12,0.6,AC Milan,0.38,0.46,0.31,0.4,Lose,Win,Win,Draw,Lose,18,13,18,0.0,Lecce,0.23,0.31,0.15,https://footystats.org//italy/us-lecce-vs-ac-milan-h2h-stats#676593,Away,27,6.34,4.46,1.49
Draw,Lose,Win,Draw,Lose,1,4,1,0.81,Juventus,0.77,0.62,0.92,0.19,Draw,Lose,Win,Draw,Draw,10,9,10,0.0,Bologna,0.35,0.38,0.31,https://footystats.org//italy/bologna-fc-1909-vs-juventus-fc-h2h-stats#676591,Away,27,6.01,3.96,1.58
Lose,Lose,Draw,Draw,Lose,11,11,13,0.83,Cagliari,0.31,0.23,0.38,0.16,Lose,Lose,Lose,Lose,Lose,19,19,19,0.0,SPAL,0.19,0.21,0.17,https://footystats.org//italy/societa-polisportiva-ars-et-labor-2013-vs-cagliari-calcio-h2h-stats#676590,Away,27,2.53,3.16,2.92
Win,Win,Win,Win,Lose,6,6,11,0.9,Napoli,0.42,0.46,0.38,0.0,Win,Win,Win,Win,Draw,8,12,4,0.1,Hellas Verona,0.38,0.23,0.54,https://footystats.org//italy/hellas-verona-fc-vs-ssc-napoli-h2h-stats#676594,Away,27,4.45,3.39,1.87
Draw,Win,Draw,Lose,Lose,9,8,8,0.31,Parma,0.38,0.31,0.46,0.38,Lose,Win,Lose,Win,Lose,17,16,17,0.31,Genoa,0.23,0.14,0.33,https://footystats.org//italy/genoa-cfc-vs-parma-calcio-1913-h2h-stats#676595,Away,27,2.21,3.21,3.45
Draw,Draw,Lose,Lose,Lose,14,20,7,0.29,Udinese,0.27,0.15,0.38,0.23,Draw,Lose,Lose,Win,Draw,15,15,16,0.47,Torino,0.31,0.31,0.31,https://footystats.org//italy/torino-fc-vs-udinese-calcio-h2h-stats#676598,Home,27,2.61,3.06,2.91
Lose,Win,Draw,Lose,Lose,12,14,9,0.54,Sassuolo,0.35,0.23,0.46,0.07,Win,Win,Lose,Win,Win,3,2,3,0.38,Inter Milan,0.65,0.69,0.62,https://footystats.org//italy/fc-internazionale-milano-vs-us-sassuolo-calcio-h2h-stats#676597,Draw,27,1.46,4.53,6.81
Win,Win,Draw,Lose,Win,2,4,2,0.45,Lazio,0.73,0.67,0.79,0.18,Win,Win,Win,Draw,Lose,4,3,5,0.36,Atalanta,0.58,0.62,0.54,https://footystats.org//italy/atalanta-bergamasca-calcio-vs-ss-lazio-h2h-stats#676592,Home,27,2.22,3.63,3.04
Lose,Win,Lose,Draw,Win,16,18,15,0.29,Sampdoria,0.27,0.25,0.29,0.28,Win,Win,Lose,Draw,Lose,5,6,6,0.43,Roma,0.5,0.54,0.46,https://footystats.org//italy/as-roma-vs-uc-sampdoria-h2h-stats#676596,Home,27,1.53,4.26,6.14
Win,Win,Lose,Win,Lose,10,8,11,0.11,Bologna,0.36,0.42,0.31,0.42,Win,Draw,Win,Win,Win,2,2,2,0.47,Lazio,0.72,0.67,0.77,https://footystats.org//italy/ss-lazio-vs-bologna-fc-1909-h2h-stats#676580,Home,26,1.59,4.11,5.54
Lose,Lose,Lose,Lose,Win,14,15,15,0.18,Torino,0.33,0.33,0.33,0.23,Draw,Lose,Win,Win,Lose,6,5,14,0.59,Napoli,0.4,0.46,0.33,https://footystats.org//italy/ssc-napoli-vs-torino-fc-h2h-stats#676588,Home,26,1.54,4.15,6.11
Win,Win,Lose,Draw,Lose,4,4,6,0.4,Atalanta,0.54,0.58,0.5,0.6,Win,Win,Draw,Lose,Lose,16,13,18,0.0,Lecce,0.24,0.31,0.17,https://footystats.org//italy/us-lecce-vs-atalanta-bergamasca-calcio-h2h-stats#676579,Away,26,7.48,5.43,1.36
Draw,Lose,Lose,Lose,Win,5,6,4,0.53,Roma,0.48,0.5,0.46,0.31,Lose,Draw,Lose,Lose,Win,11,10,11,0.16,Cagliari,0.33,0.25,0.42,https://footystats.org//italy/cagliari-calcio-vs-as-roma-h2h-stats#676586,Away,26,3.22,3.53,2.18
Lose,Lose,Win,Lose,Lose,20,20,19,1.0,SPAL,0.16,0.15,0.17,0.0,Lose,Win,Lose,Win,Draw,9,9,7,0.0,Parma,0.42,0.33,0.5,https://footystats.org//italy/parma-calcio-1913-vs-societa-polisportiva-ars-et-labor-2013-h2h-stats#676587,Away,26,,,
Win,Draw,Draw,Lose,Draw,18,18,17,0.29,Genoa,0.2,0.08,0.33,0.14,Win,Draw,Draw,Win,Win,7,7,12,0.57,AC Milan,0.4,0.46,0.33,https://footystats.org//italy/ac-milan-vs-genoa-cfc-h2h-stats#676583,Away,26,1.56,4.05,6.09
Draw,Draw,Draw,Draw,Win,8,12,5,0.17,Hellas Verona,0.38,0.25,0.5,0.25,Lose,Lose,Draw,Win,Lose,17,16,16,0.58,Sampdoria,0.25,0.27,0.23,https://footystats.org//italy/uc-sampdoria-vs-hellas-verona-fc-h2h-stats#676584,Home,26,2.59,3.16,2.86
Win,Lose,Lose,Win,Draw,13,11,14,0.61,Fiorentina,0.28,0.33,0.23,0.13,Draw,Lose,Win,Win,Draw,14,19,8,0.26,Udinese,0.28,0.15,0.42,https://footystats.org//italy/udinese-calcio-vs-acf-fiorentina-h2h-stats#676582,Draw,26,2.87,3.03,2.67
Win,Lose,Win,Draw,Win,3,1,3,0.24,Inter Milan,0.67,0.75,0.58,0.28,Win,Win,Win,Win,Win,2,4,2,0.48,Juventus,0.76,0.62,0.92,https://footystats.org//italy/juventus-fc-vs-fc-internazionale-milano-h2h-stats#676585,Home,26,2.1,3.28,3.68
Lose,Lose,Lose,Draw,Win,20,18,20,0.0,Brescia,0.16,0.25,0.08,0.6,Lose,Win,Win,Lose,Draw,13,14,14,0.4,Sassuolo,0.33,0.25,0.42,https://footystats.org//italy/us-sassuolo-calcio-vs-brescia-calcio-h2h-stats#676581,Home,26,1.51,4.53,5.94
Win,Win,Win,Lose,Win,9,6,13,1.0,Napoli,0.38,0.42,0.33,0.0,Draw,Lose,Draw,Lose,Lose,19,17,20,0.0,Brescia,0.17,0.25,0.08,https://footystats.org//italy/brescia-calcio-vs-ssc-napoli-h2h-stats#676574,Away,25,5.58,4.12,1.58
Draw,Lose,Lose,Lose,Win,15,19,7,0.6,Udinese,0.29,0.17,0.42,0.2,Lose,Win,Draw,Draw,Win,10,8,12,0.2,Bologna,0.38,0.42,0.33,https://footystats.org//italy/bologna-fc-1909-vs-udinese-calcio-h2h-stats#676578,Draw,25,2.1,3.35,3.56
Draw,Lose,Lose,Win,Win,1,4,1,0.6,Juventus,0.75,0.58,0.92,0.2,Lose,Lose,Lose,Lose,Win,20,20,19,0.2,SPAL,0.17,0.15,0.18,https://footystats.org//italy/societa-polisportiva-ars-et-labor-2013-vs-juventus-fc-h2h-stats#676570,Away,25,6.98,4.54,1.45
Lose,Win,Win,Lose,Win,9,7,10,0.43,AC Milan,0.42,0.5,0.33,0.23,Lose,Draw,Win,Win,Lose,13,11,16,0.33,Fiorentina,0.29,0.33,0.25,https://footystats.org//italy/acf-fiorentina-vs-ac-milan-h2h-stats#676573,Draw,25,2.73,3.09,2.74
Win,Draw,Lose,Win,Win,2,4,2,0.41,Lazio,0.71,0.64,0.77,0.13,Win,Lose,Win,Lose,Win,18,18,17,0.45,Genoa,0.21,0.08,0.36,https://footystats.org//italy/genoa-cfc-vs-ss-lazio-h2h-stats#676571,Away,25,4.62,3.69,1.77
Win,Lose,Lose,Lose,Lose,16,13,18,0.2,Lecce,0.25,0.33,0.17,0.0,Win,Lose,Draw,Lose,Lose,5,6,8,0.8,Roma,0.46,0.5,0.42,https://footystats.org//italy/as-roma-vs-us-lecce-h2h-stats#676572,Home,25,1.23,6.53,10.95
Win,Draw,Lose,Lose,Win,9,9,8,0.56,Parma,0.4,0.33,0.46,0.22,Lose,Lose,Win,Draw,Lose,15,15,16,0.22,Torino,0.32,0.31,0.33,https://footystats.org//italy/torino-fc-vs-parma-calcio-1913-h2h-stats#676575,Draw,25,2.41,3.12,3.14
Lose,Draw,Draw,Lose,Lose,12,11,13,0.29,Cagliari,0.32,0.25,0.38,0.14,Win,Win,Win,Draw,Lose,8,12,5,0.57,Hellas Verona,0.36,0.23,0.5,https://footystats.org//italy/hellas-verona-fc-vs-cagliari-calcio-h2h-stats#676569,Home,25,1.94,3.32,4.2
Win,Draw,Lose,Lose,Win,11,14,9,0.12,Sassuolo,0.36,0.25,0.46,0.23,Win,Win,Draw,Lose,Win,4,2,6,0.65,Atalanta,0.56,0.62,0.5,https://footystats.org//italy/atalanta-bergamasca-calcio-vs-us-sassuolo-calcio-h2h-stats#676577,Home,25,1.47,4.69,6.18
Win,Lose,Draw,Win,Lose,16,17,14,0.2,Sampdoria,0.28,0.27,0.29,0.2,Win,Lose,Win,Win,Draw,3,1,3,0.6,Inter Milan,0.64,0.69,0.58,https://footystats.org//italy/fc-internazionale-milano-vs-uc-sampdoria-h2h-stats#676576,Home,25,1.35,4.95,9.05
Lose,Win,Lose,Lose,Win,20,19,18,0.5,SPAL,0.17,0.17,0.18,0.0,Win,Draw,Lose,Lose,Draw,17,10,19,0.5,Lecce,0.22,0.33,0.09,https://footystats.org//italy/us-lecce-vs-societa-polisportiva-ars-et-labor-2013-h2h-stats#676567,Home,24,2.28,3.54,2.99
Draw,Draw,Lose,Draw,Lose,18,20,17,0.26,Genoa,0.17,0.0,0.36,0.31,Win,Draw,Draw,Win,Lose,7,7,10,0.42,Bologna,0.39,0.42,0.36,https://footystats.org//italy/bologna-fc-1909-vs-genoa-cfc-h2h-stats#676561,Away,24,1.73,3.70,4.86
Lose,Lose,Win,Win,Win,5,5,6,0.43,Roma,0.48,0.55,0.42,0.28,Draw,Lose,Win,Win,Win,4,2,9,0.29,Atalanta,0.52,0.58,0.45,https://footystats.org//italy/atalanta-bergamasca-calcio-vs-as-roma-h2h-stats#676566,Home,24,1.72,4.15,4.31
Draw,Draw,Draw,Win,Lose,6,13,4,0.22,Hellas Verona,0.39,0.27,0.5,0.33,Lose,Win,Win,Draw,Win,16,19,8,0.44,Udinese,0.3,0.17,0.45,https://footystats.org//italy/udinese-calcio-vs-hellas-verona-fc-h2h-stats#676562,Draw,24,2.43,3.18,3.03
Lose,Lose,Draw,Win,Lose,19,17,20,0.0,Brescia,0.17,0.27,0.08,0.0,Win,Win,Win,Win,Win,2,3,1,1.0,Juventus,0.74,0.58,0.91,https://footystats.org//italy/juventus-fc-vs-brescia-calcio-h2h-stats#676559,Home,24,1.18,7.38,14.64
Lose,Lose,Win,Draw,Lose,14,15,16,0.45,Fiorentina,0.26,0.27,0.25,0.35,Lose,Draw,Win,Lose,Lose,17,16,15,0.2,Sampdoria,0.26,0.27,0.25,https://footystats.org//italy/uc-sampdoria-vs-acf-fiorentina-h2h-stats#676560,Away,24,2.82,2.99,2.73
Draw,Lose,Lose,Win,Win,9,14,6,0.57,Parma,0.39,0.27,0.5,0.14,Win,Win,Lose,Draw,Lose,12,11,11,0.29,Sassuolo,0.35,0.25,0.45,https://footystats.org//italy/us-sassuolo-calcio-vs-parma-calcio-1913-h2h-stats#676565,Away,24,1.8,3.89,4.14
Win,Win,Lose,Win,Draw,11,8,12,0.58,Napoli,0.35,0.36,0.33,0.31,Draw,Lose,Lose,Win,Win,8,9,9,0.11,Cagliari,0.35,0.25,0.45,https://footystats.org//italy/cagliari-calcio-vs-ssc-napoli-h2h-stats#676564,Away,24,4.1,3.58,1.88
Win,Draw,Win,Draw,Win,1,1,3,0.5,Inter Milan,0.7,0.82,0.58,0.12,Draw,Win,Win,Win,Win,3,4,2,0.38,Lazio,0.7,0.64,0.75,https://footystats.org//italy/ss-lazio-vs-fc-internazionale-milano-h2h-stats#676563,Home,24,2.44,3.35,2.89
Lose,Lose,Lose,Win,Draw,14,15,14,0.11,Torino,0.35,0.36,0.33,0.47,Draw,Draw,Win,Win,Win,11,7,13,0.42,AC Milan,0.39,0.5,0.27,https://footystats.org//italy/ac-milan-vs-torino-fc-h2h-stats#676568,Home,24,1.5,4.33,6.42
Win,Lose,Win,Lose,Win,11,9,10,0.11,Bologna,0.36,0.36,0.36,0.31,Draw,Lose,Lose,Win,Draw,5,4,5,0.58,Roma,0.5,0.55,0.45,https://footystats.org//italy/as-roma-vs-bologna-fc-1909-h2h-stats#676550,Away,23,1.57,4.22,5.58
Win,Lose,Draw,Lose,Win,4,3,9,0.16,Atalanta,0.5,0.55,0.45,0.28,Draw,Win,Win,Lose,Draw,14,13,16,0.56,Fiorentina,0.27,0.27,0.27,https://footystats.org//italy/acf-fiorentina-vs-atalanta-bergamasca-calcio-h2h-stats#676549,Away,23,3.85,3.72,1.9
Lose,Draw,Win,Lose,Lose,16,17,15,0.32,Sampdoria,0.23,0.2,0.25,0.36,Lose,Win,Draw,Lose,Win,12,10,14,0.32,Torino,0.36,0.36,0.36,https://footystats.org//italy/torino-fc-vs-uc-sampdoria-h2h-stats#676556,Away,23,2.34,3.15,3.22
Lose,Win,Win,Win,Lose,1,2,1,0.7,Juventus,0.77,0.64,0.91,0.2,Win,Win,Draw,Lose,Win,10,12,6,0.1,Hellas Verona,0.36,0.27,0.45,https://footystats.org//italy/hellas-verona-fc-vs-juventus-fc-h2h-stats#676552,Home,23,5.97,3.73,1.61
Draw,Lose,Lose,Win,Draw,13,15,11,0.6,Sassuolo,0.32,0.18,0.45,0.4,Lose,Lose,Lose,Win,Draw,20,18,18,0.0,SPAL,0.18,0.17,0.2,https://footystats.org//italy/societa-polisportiva-ars-et-labor-2013-vs-us-sassuolo-calcio-h2h-stats#676557,Away,23,2.83,3.39,2.46
Draw,Draw,Lose,Lose,Lose,8,9,8,0.42,Cagliari,0.36,0.27,0.45,0.1,Lose,Win,Lose,Win,Lose,18,20,17,0.47,Genoa,0.14,0.0,0.3,https://footystats.org//italy/genoa-cfc-vs-cagliari-calcio-h2h-stats#676551,Home,23,2.34,3.33,3.04
Lose,Lose,Lose,Lose,Win,17,14,19,0.0,Lecce,0.18,0.27,0.09,0.2,Win,Win,Lose,Win,Lose,11,8,12,0.8,Napoli,0.36,0.36,0.36,https://footystats.org//italy/ssc-napoli-vs-us-lecce-h2h-stats#676554,Away,23,1.22,6.59,11.84
Lose,Lose,Lose,Win,Lose,15,19,7,0.0,Udinese,0.32,0.18,0.45,0.0,Lose,Draw,Lose,Lose,Win,19,17,20,1.0,Brescia,0.18,0.27,0.09,https://footystats.org//italy/brescia-calcio-vs-udinese-calcio-h2h-stats#676558,Draw,23,3.06,3.15,2.42
Draw,Lose,Win,Win,Win,3,5,2,0.71,Lazio,0.68,0.6,0.75,0.14,Win,Lose,Win,Draw,Win,9,11,5,0.14,Parma,0.41,0.27,0.55,https://footystats.org//italy/parma-calcio-1913-vs-ss-lazio-h2h-stats#676553,Away,23,4.41,3.75,1.78
Win,Win,Lose,Win,Win,10,6,13,0.22,AC Milan,0.41,0.55,0.27,0.26,Win,Draw,Win,Draw,Win,2,1,3,0.52,Inter Milan,0.68,0.82,0.55,https://footystats.org//italy/fc-internazionale-milano-vs-ac-milan-h2h-stats#676555,Home,23,2.04,3.33,3.76
Lose,Draw,Win,Lose,Lose,20,16,19,0.25,Brescia,0.19,0.3,0.09,0.25,Draw,Draw,Win,Lose,Draw,11,8,13,0.5,Bologna,0.33,0.36,0.3,https://footystats.org//italy/bologna-fc-1909-vs-brescia-calcio-h2h-stats#676539,Home,22,1.62,4.10,5.17
Lose,Lose,Win,Win,Draw,7,11,4,0.36,Parma,0.43,0.3,0.55,0.21,Lose,Lose,Win,Win,Win,6,7,8,0.43,Cagliari,0.38,0.27,0.5,https://footystats.org//italy/cagliari-calcio-vs-parma-calcio-1913-h2h-stats#676545,Draw,22,1.77,3.71,4.56
Lose,Win,Win,Win,Draw,4,4,5,0.62,Roma,0.52,0.6,0.45,0.38,Win,Lose,Draw,Lose,Lose,15,15,14,0.0,Sassuolo,0.29,0.18,0.4,https://footystats.org//italy/us-sassuolo-calcio-vs-as-roma-h2h-stats#676546,Home,22,4.42,3.97,1.73
Lose,Win,Draw,Lose,Lose,14,12,16,0.12,Fiorentina,0.29,0.3,0.27,0.24,Win,Win,Win,Win,Lose,1,2,1,0.64,Juventus,0.76,0.64,0.9,https://footystats.org//italy/juventus-fc-vs-acf-fiorentina-h2h-stats#676540,Home,22,1.32,5.13,9.68
Draw,Lose,Draw,Lose,Draw,19,20,17,0.29,Genoa,0.14,0.0,0.3,0.33,Lose,Win,Win,Win,Win,5,3,10,0.38,Atalanta,0.52,0.55,0.5,https://footystats.org//italy/atalanta-bergamasca-calcio-vs-genoa-cfc-h2h-stats#676541,Draw,22,1.23,6.47,11.18
Draw,Win,Lose,Lose,Win,10,13,6,0.3,Hellas Verona,0.4,0.33,0.45,0.2,Win,Win,Win,Draw,Draw,8,6,15,0.5,AC Milan,0.43,0.55,0.3,https://footystats.org//italy/ac-milan-vs-hellas-verona-fc-h2h-stats#676542,Draw,22,1.74,3.68,4.79
Win,Lose,Lose,Win,Lose,18,18,18,0.4,SPAL,0.19,0.18,0.2,0.2,Win,Win,Win,Win,Win,3,5,2,0.4,Lazio,0.7,0.6,0.8,https://footystats.org//italy/ss-lazio-vs-societa-polisportiva-ars-et-labor-2013-h2h-stats#676547,Home,22,1.23,6.22,12.0
Lose,Lose,Win,Draw,Win,12,10,13,0.33,Torino,0.38,0.4,0.36,0.33,Draw,Lose,Lose,Draw,Draw,17,14,20,0.33,Lecce,0.14,0.27,0.0,https://footystats.org//italy/us-lecce-vs-torino-fc-h2h-stats#676548,Home,22,2.97,3.40,2.35
Draw,Win,Draw,Win,Win,2,1,3,0.64,Inter Milan,0.67,0.8,0.55,0.09,Win,Win,Draw,Win,Draw,15,19,7,0.27,Udinese,0.33,0.18,0.5,https://footystats.org//italy/udinese-calcio-vs-fc-internazionale-milano-h2h-stats#676543,Away,22,4.38,3.47,1.85
Lose,Win,Draw,Draw,Draw,11,9,12,0.68,Napoli,0.33,0.3,0.36,0.21,Draw,Win,Lose,Lose,Win,16,17,15,0.11,Sampdoria,0.24,0.2,0.27,https://footystats.org//italy/uc-sampdoria-vs-ssc-napoli-h2h-stats#676544,Away,22,3.87,3.38,1.99
Win,Lose,Win,Win,Lose,8,6,11,1.0,AC Milan,0.4,0.5,0.3,0.0,Draw,Lose,Lose,Win,Lose,19,15,19,0.0,Brescia,0.2,0.3,0.1,https://footystats.org//italy/brescia-calcio-vs-ac-milan-h2h-stats#676536,Away,21,5.15,3.97,1.64
Lose,Win,Lose,Win,Lose,12,14,12,0.4,Bologna,0.3,0.3,0.3,0.2,Lose,Lose,Win,Draw,Lose,18,18,18,0.4,SPAL,0.2,0.18,0.22,https://footystats.org//italy/societa-polisportiva-ars-et-labor-2013-vs-bologna-fc-1909-h2h-stats#676530,Away,21,2.9,3.28,2.46
Lose,Draw,Lose,Draw,Draw,20,20,17,0.14,Genoa,0.15,0.0,0.3,0.47,Win,Win,Lose,Draw,Win,13,11,15,0.38,Fiorentina,0.3,0.3,0.3,https://footystats.org//italy/acf-fiorentina-vs-genoa-cfc-h2h-stats#676532,Draw,21,1.76,3.56,4.85
Lose,Draw,Lose,Win,Win,5,5,8,0.32,Atalanta,0.5,0.5,0.5,0.21,Win,Draw,Lose,Win,Lose,9,9,10,0.47,Torino,0.4,0.4,0.4,https://footystats.org//italy/torino-fc-vs-atalanta-bergamasca-calcio-h2h-stats#676529,Away,21,4.91,3.86,1.69
Draw,Lose,Lose,Lose,Draw,7,7,6,0.24,Cagliari,0.4,0.3,0.5,0.23,Win,Draw,Win,Lose,Draw,2,1,3,0.52,Inter Milan,0.7,0.8,0.6,https://footystats.org//italy/fc-internazionale-milano-vs-cagliari-calcio-h2h-stats#676531,Draw,21,1.31,5.27,9.51
Lose,Lose,Lose,Win,Lose,17,14,20,0.67,Lecce,0.15,0.3,0.0,0.0,Win,Draw,Lose,Win,Win,11,13,9,0.33,Hellas Verona,0.37,0.33,0.4,https://footystats.org//italy/hellas-verona-fc-vs-us-lecce-h2h-stats#676535,Home,21,1.56,4.19,5.69
Lose,Lose,Win,Draw,Draw,15,16,13,0.35,Sassuolo,0.3,0.2,0.4,0.41,Win,Lose,Lose,Win,Draw,16,17,15,0.24,Sampdoria,0.25,0.2,0.3,https://footystats.org//italy/uc-sampdoria-vs-us-sassuolo-calcio-h2h-stats#676537,Draw,21,2.39,3.27,3.01
Lose,Lose,Win,Lose,Lose,14,19,4,0.31,Udinese,0.35,0.2,0.5,0.3,Lose,Win,Draw,Win,Lose,8,11,7,0.38,Parma,0.4,0.3,0.5,https://footystats.org//italy/parma-calcio-1913-vs-udinese-calcio-h2h-stats#676538,Home,21,2.42,3.19,3.04
Lose,Win,Win,Win,Lose,3,5,2,0.29,Lazio,0.74,0.67,0.8,0.2,Lose,Lose,Win,Draw,Win,5,4,5,0.5,Roma,0.55,0.6,0.5,https://footystats.org//italy/as-roma-vs-ss-lazio-h2h-stats#676534,Draw,21,2.9,3.50,2.35
Win,Win,Win,Lose,Win,1,2,1,0.56,Juventus,0.8,0.7,0.9,0.14,Win,Lose,Win,Lose,Lose,13,9,16,0.3,Napoli,0.3,0.3,0.3,https://footystats.org//italy/ssc-napoli-vs-juventus-fc-h2h-stats#676533,Home,21,3.38,3.40,2.16
Draw,Win,Lose,Lose,Win,16,17,11,0.16,Sampdoria,0.26,0.22,0.3,0.21,Win,Win,Win,Win,Win,3,3,2,0.63,Lazio,0.72,0.67,0.78,https://footystats.org//italy/ss-lazio-vs-uc-sampdoria-h2h-stats#676525,Home,20,1.37,4.93,8.24
Win,Draw,Win,Win,Lose,8,9,10,0.47,Torino,0.42,0.44,0.4,0.35,Lose,Draw,Lose,Lose,Win,15,15,15,0.18,Sassuolo,0.26,0.2,0.33,https://footystats.org//italy/us-sassuolo-calcio-vs-torino-fc-h2h-stats#676527,Home,20,2.39,3.39,2.91
Draw,Lose,Lose,Lose,Win,14,16,13,0.17,Fiorentina,0.26,0.22,0.3,0.26,Win,Lose,Lose,Win,Lose,11,7,14,0.57,Napoli,0.32,0.3,0.33,https://footystats.org//italy/ssc-napoli-vs-acf-fiorentina-h2h-stats#676520,Away,20,1.6,4.07,5.45
Lose,Win,Lose,Lose,Lose,13,18,4,0.43,Udinese,0.37,0.22,0.5,0.17,Win,Draw,Draw,Draw,Lose,10,6,16,0.39,AC Milan,0.37,0.5,0.22,https://footystats.org//italy/ac-milan-vs-udinese-calcio-h2h-stats#676528,Home,20,1.61,3.93,5.63
Lose,Lose,Lose,Draw,Draw,6,8,6,0.33,Cagliari,0.42,0.33,0.5,0.0,Lose,Lose,Win,Lose,Lose,19,15,19,0.67,Brescia,0.21,0.3,0.11,https://footystats.org//italy/brescia-calcio-vs-cagliari-calcio-h2h-stats#676519,Draw,20,2.74,3.32,2.56
Win,Lose,Lose,Win,Lose,9,14,9,0.25,Hellas Verona,0.39,0.38,0.4,0.25,Draw,Win,Lose,Draw,Lose,14,13,14,0.5,Bologna,0.32,0.3,0.33,https://footystats.org//italy/bologna-fc-1909-vs-hellas-verona-fc-h2h-stats#676521,Draw,20,2.11,3.34,3.56
Win,Draw,Win,Win,Lose,2,1,3,0.8,Inter Milan,0.74,0.89,0.6,0.0,Lose,Lose,Draw,Draw,Draw,17,12,20,0.2,Lecce,0.16,0.3,0.0,https://footystats.org//italy/us-lecce-vs-fc-internazionale-milano-h2h-stats#676522,Draw,20,10.02,5.93,1.27
Win,Win,Draw,Win,Win,5,5,5,0.67,Roma,0.53,0.56,0.5,0.14,Win,Lose,Win,Lose,Lose,18,19,17,0.19,Genoa,0.16,0.0,0.33,https://footystats.org//italy/genoa-cfc-vs-as-roma-h2h-stats#676524,Away,20,4.45,3.57,1.82
Lose,Win,Win,Draw,Draw,7,10,7,0.14,Parma,0.42,0.33,0.5,0.21,Win,Win,Lose,Win,Draw,1,2,2,0.64,Juventus,0.79,0.7,0.89,https://footystats.org//italy/juventus-fc-vs-parma-calcio-1913-h2h-stats#676523,Home,20,1.2,6.73,13.79
Lose,Lose,Win,Lose,Lose,20,20,18,0.2,SPAL,0.16,0.1,0.22,0.4,Win,Win,Win,Win,Lose,5,5,8,0.4,Atalanta,0.53,0.5,0.56,https://footystats.org//italy/atalanta-bergamasca-calcio-vs-societa-polisportiva-ars-et-labor-2013-h2h-stats#676526,Away,20,1.18,7.27,14.09
Lose,Win,Win,Lose,Lose,12,10,14,0.72,AC Milan,0.33,0.44,0.22,0.22,Lose,Win,Win,Win,Win,6,7,5,0.06,Cagliari,0.44,0.33,0.56,https://footystats.org//italy/cagliari-calcio-vs-ac-milan-h2h-stats#676509,Away,19,3.16,3.44,2.24
Win,Draw,Draw,Draw,Lose,8,6,11,0.57,Napoli,0.33,0.33,0.33,0.26,Win,Win,Win,Win,Lose,3,3,3,0.17,Lazio,0.71,0.67,0.75,https://footystats.org//italy/ss-lazio-vs-ssc-napoli-h2h-stats#676513,Home,19,2.0,3.74,3.49
Lose,Win,Win,Draw,Draw,5,5,6,0.3,Atalanta,0.56,0.56,0.56,0.35,Win,Lose,Draw,Win,Win,1,1,2,0.35,Inter Milan,0.78,0.89,0.67,https://footystats.org//italy/fc-internazionale-milano-vs-atalanta-bergamasca-calcio-h2h-stats#676512,Draw,19,2.17,3.57,3.2
Lose,Win,Draw,Draw,Draw,14,15,13,0.33,Sassuolo,0.28,0.22,0.33,0.41,Win,Draw,Win,Draw,Lose,13,18,7,0.25,Udinese,0.33,0.22,0.44,https://footystats.org//italy/udinese-calcio-vs-us-sassuolo-calcio-h2h-stats#676518,Home,19,2.14,3.31,3.51
Win,Lose,Lose,Draw,Lose,20,20,18,0.0,SPAL,0.17,0.11,0.22,0.5,Lose,Draw,Win,Lose,Draw,15,16,17,0.5,Fiorentina,0.22,0.22,0.22,https://footystats.org//italy/acf-fiorentina-vs-societa-polisportiva-ars-et-labor-2013-h2h-stats#676510,Home,19,1.56,3.99,6.08
Draw,Win,Lose,Lose,Lose,18,14,19,0.0,Brescia,0.22,0.33,0.11,0.33,Lose,Lose,Win,Draw,Draw,16,17,16,0.67,Sampdoria,0.22,0.22,0.22,https://footystats.org//italy/uc-sampdoria-vs-brescia-calcio-h2h-stats#676516,Home,19,2.15,3.18,3.61
Win,Lose,Win,Lose,Lose,11,12,10,0.29,Bologna,0.33,0.33,0.33,0.28,Draw,Lose,Win,Lose,Lose,10,9,12,0.43,Torino,0.39,0.44,0.33,https://footystats.org//italy/torino-fc-vs-bologna-fc-1909-h2h-stats#676517,Home,19,2.32,3.33,3.09
Draw,Lose,Draw,Draw,Draw,19,19,15,0.63,Genoa,0.17,0.0,0.33,0.25,Draw,Lose,Win,Win,Lose,12,13,9,0.13,Hellas Verona,0.35,0.38,0.33,https://footystats.org//italy/hellas-verona-fc-vs-genoa-cfc-h2h-stats#676511,Home,19,2.05,3.29,3.81
Win,Win,Lose,Win,Win,2,2,1,0.54,Juventus,0.78,0.67,0.89,0.16,Lose,Win,Draw,Win,Win,5,5,4,0.29,Roma,0.56,0.56,0.56,https://footystats.org//italy/as-roma-vs-juventus-fc-h2h-stats#676515,Away,19,3.26,3.53,2.15
Lose,Lose,Win,Lose,Draw,17,11,20,0.0,Lecce,0.17,0.33,0.0,0.33,Draw,Win,Lose,Win,Lose,9,10,10,0.67,Parma,0.39,0.33,0.44,https://footystats.org//italy/parma-calcio-1913-vs-us-lecce-h2h-stats#676514,Home,19,1.65,4.02,5.0
Win,Win,Lose,Win,Win,3,5,3,,Lazio,0.69,0.63,0.75,,Lose,Win,Lose,Lose,Lose,18,12,19,,Brescia,0.24,0.33,0.13,https://footystats.org//italy/brescia-calcio-vs-ss-lazio-h2h-stats#676501,Away,18,4.59,3.95,1.71
Lose,Lose,Win,Lose,Draw,13,16,9,0.25,Hellas Verona,0.31,0.29,0.33,0.5,Lose,Win,Draw,Lose,Draw,19,19,17,0.25,SPAL,0.18,0.11,0.25,https://footystats.org//italy/societa-polisportiva-ars-et-labor-2013-vs-hellas-verona-fc-h2h-stats#676508,Away,18,2.47,3.16,2.98
Win,Draw,Draw,Draw,Win,12,14,13,0.42,Sassuolo,0.29,0.25,0.33,0.25,Lose,Win,Lose,Lose,Win,20,18,18,0.33,Genoa,0.12,0.0,0.25,https://footystats.org//italy/genoa-cfc-vs-us-sassuolo-calcio-h2h-stats#676502,Home,18,2.19,3.43,3.25
Draw,Win,Win,Lose,Lose,10,13,12,0.12,Torino,0.35,0.38,0.33,0.17,Win,Draw,Win,Win,Win,4,3,4,0.71,Roma,0.59,0.56,0.63,https://footystats.org//italy/as-roma-vs-torino-fc-h2h-stats#676507,Away,18,1.51,4.28,6.31
Lose,Lose,Lose,Win,Draw,15,16,17,0.61,Fiorentina,0.24,0.25,0.22,0.22,Win,Lose,Draw,Lose,Win,11,12,10,0.17,Bologna,0.35,0.33,0.38,https://footystats.org//italy/bologna-fc-1909-vs-acf-fiorentina-h2h-stats#676500,Draw,18,2.57,3.41,2.69
Win,Win,Draw,Draw,Draw,7,9,7,0.33,Parma,0.41,0.38,0.44,0.16,Win,Win,Win,Lose,Draw,5,5,8,0.5,Atalanta,0.53,0.56,0.5,https://footystats.org//italy/atalanta-bergamasca-calcio-vs-parma-calcio-1913-h2h-stats#676499,Home,18,1.28,5.94,9.43
Lose,Draw,Draw,Win,Draw,6,7,5,0.11,Cagliari,0.47,0.38,0.56,0.16,Lose,Win,Draw,Win,Win,2,2,1,0.72,Juventus,0.76,0.67,0.88,https://footystats.org//italy/juventus-fc-vs-cagliari-calcio-h2h-stats#676503,Home,18,1.25,6.24,10.68
Win,Lose,Lose,Win,Lose,17,17,15,0.29,Sampdoria,0.24,0.25,0.22,0.14,Draw,Draw,Lose,Win,Draw,12,10,16,0.57,AC Milan,0.35,0.44,0.25,https://footystats.org//italy/ac-milan-vs-uc-sampdoria-h2h-stats#676505,Draw,18,1.62,3.77,5.84
Lose,Lose,Lose,Win,Lose,14,20,6,0.8,Udinese,0.29,0.13,0.44,0.2,Lose,Draw,Draw,Draw,Draw,16,11,20,0.0,Lecce,0.18,0.33,0.0,https://footystats.org//italy/us-lecce-vs-udinese-calcio-h2h-stats#676504,Away,18,3.14,3.41,2.26
Draw,Win,Win,Lose,Win,2,1,2,0.25,Inter Milan,0.76,0.88,0.67,0.29,Lose,Win,Lose,Draw,Draw,8,6,11,0.46,Napoli,0.35,0.33,0.38,https://footystats.org//italy/ssc-napoli-vs-fc-internazionale-milano-h2h-stats#676506,Away,18,2.56,3.43,2.68
Win,Lose,Win,Win,Win,2,3,1,0.56,Juventus,0.75,0.63,0.88,0.16,Lose,Win,Draw,Draw,Draw,16,16,14,0.28,Sampdoria,0.25,0.25,0.25,https://footystats.org//italy/uc-sampdoria-vs-juventus-fc-h2h-stats#676495,Away,17,6.59,4.35,1.49
Draw,Win,Win,Lose,Lose,4,5,3,0.52,Roma,0.56,0.5,0.63,0.16,Draw,Win,Lose,Draw,Lose,14,15,16,0.32,Fiorentina,0.25,0.25,0.25,https://footystats.org//italy/acf-fiorentina-vs-as-roma-h2h-stats#676490,Away,17,3.37,3.42,2.15
Draw,Draw,Win,Draw,Draw,5,6,5,0.33,Cagliari,0.5,0.43,0.56,0.22,Draw,Win,Draw,Lose,Win,17,19,10,0.44,Udinese,0.25,0.13,0.38,https://footystats.org//italy/udinese-calcio-vs-cagliari-calcio-h2h-stats#676498,Home,17,2.2,3.20,3.47
Draw,Draw,Draw,Lose,Lose,19,18,18,0.23,Genoa,0.13,0.0,0.25,0.18,Lose,Draw,Win,Win,Draw,2,1,4,0.59,Inter Milan,0.75,0.88,0.63,https://footystats.org//italy/fc-internazionale-milano-vs-genoa-cfc-h2h-stats#676491,Home,17,1.46,4.37,7.05
Lose,Lose,Draw,Lose,Lose,20,20,17,0.0,SPAL,0.13,0.0,0.25,0.5,Win,Lose,Lose,Draw,Draw,9,11,11,0.5,Torino,0.38,0.38,0.38,https://footystats.org//italy/torino-fc-vs-societa-polisportiva-ars-et-labor-2013-h2h-stats#676497,Away,17,1.63,3.72,5.75
Win,Win,Lose,Lose,Win,9,8,15,0.45,AC Milan,0.38,0.5,0.25,0.3,Win,Win,Lose,Draw,Lose,6,4,12,0.25,Atalanta,0.5,0.56,0.43,https://footystats.org//italy/atalanta-bergamasca-calcio-vs-ac-milan-h2h-stats#676489,Home,17,1.83,3.73,4.15
Lose,Win,Lose,Lose,Lose,12,14,9,0.25,Bologna,0.31,0.25,0.38,0.5,Draw,Draw,Draw,Draw,Lose,16,9,20,0.25,Lecce,0.19,0.33,0.0,https://footystats.org//italy/us-lecce-vs-bologna-fc-1909-h2h-stats#676493,Away,17,3.19,3.62,2.15
Win,Lose,Lose,Lose,Lose,18,13,19,1.0,Brescia,0.25,0.38,0.13,0.0,Win,Lose,Win,Lose,Win,7,7,7,0.0,Parma,0.44,0.38,0.5,https://footystats.org//italy/parma-calcio-1913-vs-brescia-calcio-h2h-stats#676494,Draw,17,2.16,3.41,3.34
Draw,Draw,Draw,Lose,Draw,8,10,10,0.54,Napoli,0.31,0.25,0.38,0.38,Draw,Lose,Lose,Win,Lose,11,12,13,0.08,Sassuolo,0.31,0.25,0.38,https://footystats.org//italy/us-sassuolo-calcio-vs-ssc-napoli-h2h-stats#676496,Away,17,4.94,4.21,1.63
Draw,Draw,Win,Lose,Lose,10,12,6,0.11,Hellas Verona,0.38,0.3,0.45,0.22,Win,Win,Win,Win,Win,3,5,2,0.67,Lazio,0.71,0.6,0.82,https://footystats.org//italy/ss-lazio-vs-hellas-verona-fc-h2h-stats#676492,Draw,17,1.43,4.51,7.45
Lose,Win,Lose,Draw,Draw,15,8,19,0.5,Lecce,0.2,0.38,0.0,0.0,Lose,Lose,Lose,Draw,Lose,19,12,20,0.5,Brescia,0.21,0.38,0.0,https://footystats.org//italy/brescia-calcio-vs-us-lecce-h2h-stats#676480,Home,16,1.93,3.72,3.75
Win,Draw,Draw,Draw,Lose,8,11,6,0.33,Parma,0.4,0.29,0.5,0.16,Win,Lose,Draw,Draw,Draw,7,9,7,0.5,Napoli,0.33,0.25,0.43,https://footystats.org//italy/ssc-napoli-vs-parma-calcio-1913-h2h-stats#676487,Away,16,1.3,5.46,9.66
Lose,Lose,Win,Lose,Lose,17,19,13,0.5,Sampdoria,0.2,0.14,0.25,0.22,Win,Lose,Lose,Win,Lose,18,17,18,0.28,Genoa,0.13,0.0,0.29,https://footystats.org//italy/genoa-cfc-vs-uc-sampdoria-h2h-stats#676483,Away,16,2.67,3.02,2.86
Win,Win,Lose,Lose,Lose,9,11,10,0.3,Torino,0.4,0.43,0.38,0.4,Lose,Win,Win,Lose,Win,11,15,8,0.3,Hellas Verona,0.33,0.29,0.38,https://footystats.org//italy/hellas-verona-fc-vs-torino-fc-h2h-stats#676484,Draw,16,2.67,3.04,2.84
Win,Win,Draw,Draw,Lose,6,2,11,0.61,Atalanta,0.53,0.63,0.43,0.16,Lose,Draw,Lose,Win,Draw,12,13,14,0.22,Bologna,0.27,0.25,0.29,https://footystats.org//italy/bologna-fc-1909-vs-atalanta-bergamasca-calcio-h2h-stats#676479,Home,16,3.56,3.73,1.98
Lose,Lose,Win,Lose,Lose,14,18,9,0.15,Udinese,0.27,0.14,0.38,0.15,Draw,Win,Win,Win,Win,2,3,2,0.7,Juventus,0.73,0.63,0.86,https://footystats.org//italy/juventus-fc-vs-udinese-calcio-h2h-stats#676485,Home,16,1.25,5.91,11.89
Draw,Draw,Win,Lose,Lose,14,17,12,0.31,Sassuolo,0.29,0.17,0.38,0.07,Draw,Lose,Win,Draw,Lose,10,8,15,0.62,AC Milan,0.4,0.5,0.29,https://footystats.org//italy/ac-milan-vs-us-sassuolo-calcio-h2h-stats#676486,Draw,16,1.5,4.59,5.89
Lose,Draw,Lose,Lose,Lose,20,20,17,0.5,SPAL,0.13,0.0,0.25,0.0,Draw,Win,Win,Win,Draw,5,4,5,0.5,Roma,0.53,0.5,0.57,https://footystats.org//italy/as-roma-vs-societa-polisportiva-ars-et-labor-2013-h2h-stats#676488,Home,16,1.31,5.32,9.48
Win,Win,Lose,Win,Win,1,1,3,0.5,Inter Milan,0.8,1.0,0.63,0.22,Win,Lose,Draw,Lose,Win,13,14,16,0.27,Fiorentina,0.27,0.25,0.29,https://footystats.org//italy/acf-fiorentina-vs-fc-internazionale-milano-h2h-stats#676482,Draw,16,3.54,3.43,2.08
Lose,Win,Win,Win,Lose,3,6,2,0.72,Lazio,0.67,0.57,0.75,0.11,Win,Win,Win,Win,Win,5,5,5,0.17,Cagliari,0.53,0.43,0.63,https://footystats.org//italy/cagliari-calcio-vs-ss-lazio-h2h-stats#676481,Away,16,4.59,4.08,1.69
Win,Win,Lose,Lose,Win,5,4,5,0.29,Roma,0.57,0.57,0.57,0.41,Win,Win,Draw,Win,Lose,1,1,4,0.29,Inter Milan,0.86,1.0,0.71,https://footystats.org//italy/fc-internazionale-milano-vs-as-roma-h2h-stats#676471,Draw,15,1.76,3.87,4.4
Lose,Win,Lose,Draw,Lose,9,13,8,0.5,Hellas Verona,0.36,0.33,0.38,0.25,Win,Lose,Draw,Lose,Win,6,2,17,0.25,Atalanta,0.5,0.63,0.33,https://footystats.org//italy/atalanta-bergamasca-calcio-vs-hellas-verona-fc-h2h-stats#676469,Home,15,1.33,5.25,8.91
Draw,Draw,Lose,Draw,Win,7,8,7,0.5,Napoli,0.36,0.29,0.43,0.36,Win,Draw,Lose,Win,Win,16,17,9,0.14,Udinese,0.29,0.14,0.43,https://footystats.org//italy/udinese-calcio-vs-ssc-napoli-h2h-stats#676478,Draw,15,6.15,4.22,1.53
Win,Win,Win,Draw,Win,2,3,1,0.77,Juventus,0.79,0.71,0.86,0.15,Win,Win,Win,Lose,Win,3,5,3,0.08,Lazio,0.64,0.57,0.71,https://footystats.org//italy/ss-lazio-vs-juventus-fc-h2h-stats#676472,Home,15,2.86,3.50,2.38
Draw,Draw,Lose,Lose,Lose,18,19,18,0.67,Genoa,0.14,0.0,0.29,0.33,Draw,Draw,Draw,Lose,Lose,16,7,19,0.0,Lecce,0.21,0.38,0.0,https://footystats.org//italy/us-lecce-vs-genoa-cfc-h2h-stats#676473,Draw,15,2.78,3.49,2.44
Draw,Win,Draw,Draw,Win,6,6,4,0.27,Cagliari,0.57,0.5,0.63,0.45,Lose,Lose,Win,Lose,Lose,15,16,12,0.27,Sassuolo,0.31,0.17,0.43,https://footystats.org//italy/us-sassuolo-calcio-vs-cagliari-calcio-h2h-stats#676475,Draw,15,2.47,3.54,2.72
Lose,Lose,Lose,Lose,Win,20,15,20,0.0,Brescia,0.15,0.29,0.0,0.0,Win,Draw,Lose,Draw,Win,19,20,17,1.0,SPAL,0.14,0.0,0.29,https://footystats.org//italy/societa-polisportiva-ars-et-labor-2013-vs-brescia-calcio-h2h-stats#676476,Away,15,2.31,3.21,3.21
Lose,Lose,Win,Draw,Win,13,12,15,0.41,Fiorentina,0.29,0.29,0.29,0.47,Lose,Lose,Draw,Draw,Win,10,10,16,0.12,Torino,0.36,0.43,0.29,https://footystats.org//italy/torino-fc-vs-acf-fiorentina-h2h-stats#676477,Home,15,2.47,3.14,3.01
Draw,Draw,Draw,Lose,Lose,8,14,6,0.3,Parma,0.36,0.17,0.5,0.4,Win,Draw,Draw,Draw,Lose,17,18,11,0.3,Sampdoria,0.21,0.14,0.29,https://footystats.org//italy/uc-sampdoria-vs-parma-calcio-1913-h2h-stats#676474,Away,15,2.2,3.24,3.43
Win,Lose,Lose,Win,Lose,11,9,14,0.61,AC Milan,0.36,0.43,0.29,0.27,Draw,Lose,Win,Draw,Lose,12,11,13,0.11,Bologna,0.29,0.25,0.33,https://footystats.org//italy/bologna-fc-1909-vs-ac-milan-h2h-stats#676470,Away,15,3.33,3.35,2.2
Draw,Draw,Lose,Draw,Win,6,3,17,,Atalanta,0.46,0.57,0.33,,Lose,Lose,Draw,Lose,Lose,20,14,20,,Brescia,0.17,0.29,0.0,https://footystats.org//italy/brescia-calcio-vs-atalanta-bergamasca-calcio-h2h-stats#676459,Away,14,6.63,4.66,1.45
Win,Lose,Lose,Lose,Lose,11,12,15,0.38,Torino,0.31,0.33,0.29,0.31,Lose,Win,Lose,Draw,Lose,18,19,18,0.31,Genoa,0.15,0.0,0.33,https://footystats.org//italy/genoa-cfc-vs-torino-fc-h2h-stats#676462,Away,14,2.48,3.19,2.95
Lose,Draw,Draw,Lose,Win,17,9,19,0.5,Lecce,0.15,0.29,0.0,0.25,Draw,Lose,Win,Win,Draw,10,8,14,0.25,Fiorentina,0.31,0.29,0.33,https://footystats.org//italy/acf-fiorentina-vs-us-lecce-h2h-stats#676461,Away,14,1.48,4.40,6.6
Draw,Win,Lose,Lose,Lose,15,16,11,0.08,Sassuolo,0.33,0.2,0.43,0.08,Win,Win,Win,Win,Win,1,3,1,0.83,Juventus,0.85,0.71,1.0,https://footystats.org//italy/juventus-fc-vs-us-sassuolo-calcio-h2h-stats#676465,Draw,14,1.17,7.37,15.96
Draw,Lose,Lose,Lose,Lose,19,20,16,0.0,SPAL,0.15,0.0,0.29,0.25,Win,Draw,Win,Lose,Win,2,1,5,0.75,Inter Milan,0.85,1.0,0.67,https://footystats.org//italy/fc-internazionale-milano-vs-societa-polisportiva-ars-et-labor-2013-h2h-stats#676464,Home,14,1.25,5.78,11.63
Lose,Win,Lose,Lose,Draw,14,17,9,0.19,Udinese,0.31,0.17,0.43,0.19,Win,Win,Lose,Win,Draw,3,4,3,0.62,Lazio,0.62,0.57,0.67,https://footystats.org//italy/ss-lazio-vs-udinese-calcio-h2h-stats#676466,Home,14,1.31,5.39,9.49
Lose,Lose,Win,Lose,Win,12,12,13,0.58,AC Milan,0.31,0.33,0.29,0.16,Win,Lose,Win,Win,Win,8,13,6,0.25,Parma,0.38,0.17,0.57,https://footystats.org//italy/parma-calcio-1913-vs-ac-milan-h2h-stats#676468,Away,14,3.73,3.24,2.09
Lose,Lose,Lose,Lose,Draw,16,15,12,0.26,Bologna,0.23,0.14,0.33,0.15,Draw,Draw,Draw,Win,Win,7,8,7,0.58,Napoli,0.38,0.29,0.5,https://footystats.org//italy/ssc-napoli-vs-bologna-fc-1909-h2h-stats#676467,Away,14,1.46,4.54,6.67
Win,Lose,Lose,Win,Draw,6,7,2,0.63,Roma,0.54,0.5,0.57,0.37,Win,Win,Lose,Win,Draw,9,11,8,0.0,Hellas Verona,0.38,0.33,0.43,https://footystats.org//italy/hellas-verona-fc-vs-as-roma-h2h-stats#676463,Away,14,4.64,3.71,1.76
Win,Lose,Lose,Lose,Lose,17,18,10,0.29,Sampdoria,0.23,0.17,0.29,0.41,Win,Win,Win,Draw,Win,5,6,5,0.29,Cagliari,0.54,0.5,0.57,https://footystats.org//italy/cagliari-calcio-vs-uc-sampdoria-h2h-stats#676460,Home,14,2.0,3.38,3.87
Win,Win,Draw,Win,Win,1,3,1,0.75,Juventus,0.83,0.67,1.0,0.2,Draw,Lose,Win,Win,Lose,5,2,13,0.04,Atalanta,0.5,0.57,0.4,https://footystats.org//italy/atalanta-bergamasca-calcio-vs-juventus-fc-h2h-stats#676449,Away,13,2.83,3.40,2.45
Lose,Draw,Win,Draw,Draw,7,7,6,0.43,Napoli,0.42,0.33,0.5,0.42,Lose,Win,Draw,Lose,Lose,14,11,14,0.14,AC Milan,0.33,0.33,0.33,https://footystats.org//italy/ac-milan-vs-ssc-napoli-h2h-stats#676453,Draw,13,2.95,3.33,2.41
Lose,Win,Win,Win,Lose,2,1,4,0.31,Inter Milan,0.83,1.0,0.67,0.43,Lose,Draw,Draw,Win,Lose,11,12,12,0.25,Torino,0.33,0.33,0.33,https://footystats.org//italy/torino-fc-vs-fc-internazionale-milano-h2h-stats#676458,Away,13,3.96,3.42,1.96
Draw,Draw,Lose,Lose,Win,8,15,5,0.3,Parma,0.42,0.2,0.57,0.4,Lose,Win,Draw,Lose,Win,15,14,15,0.3,Bologna,0.25,0.14,0.4,https://footystats.org//italy/bologna-fc-1909-vs-parma-calcio-1913-h2h-stats#676450,Draw,13,1.8,3.61,4.51
Lose,Win,Draw,Win,Draw,9,8,11,0.63,Fiorentina,0.33,0.33,0.33,0.12,Win,Lose,Win,Draw,Lose,10,10,12,0.25,Hellas Verona,0.33,0.33,0.33,https://footystats.org//italy/hellas-verona-fc-vs-acf-fiorentina-h2h-stats#676451,Home,13,3.44,3.30,2.17
Lose,Lose,Lose,Win,Lose,20,13,20,,Brescia,0.18,0.33,0.0,,Win,Win,Draw,Draw,Lose,6,4,7,,Roma,0.5,0.5,0.5,https://footystats.org//italy/as-roma-vs-brescia-calcio-h2h-stats#676454,Home,13,1.33,5.31,8.89
Win,Win,Lose,Draw,Lose,3,6,2,0.58,Lazio,0.58,0.5,0.67,0.25,Win,Lose,Lose,Lose,Win,14,16,9,0.17,Sassuolo,0.36,0.2,0.5,https://footystats.org//italy/us-sassuolo-calcio-vs-ss-lazio-h2h-stats#676456,Away,13,5.19,4.30,1.59
Win,Lose,Lose,Draw,Lose,13,17,8,0.26,Udinese,0.33,0.2,0.43,0.36,Draw,Draw,Draw,Lose,Win,18,18,18,0.37,Sampdoria,0.17,0.17,0.17,https://footystats.org//italy/uc-sampdoria-vs-udinese-calcio-h2h-stats#676455,Home,13,1.98,3.27,4.13
Win,Draw,Draw,Win,Win,5,6,4,0.5,Cagliari,0.58,0.6,0.57,0.0,Draw,Draw,Lose,Lose,Lose,17,9,19,0.5,Lecce,0.17,0.29,0.0,https://footystats.org//italy/us-lecce-vs-cagliari-calcio-h2h-stats#676452,Draw,13,3.24,3.47,2.18
Draw,Lose,Lose,Lose,Lose,18,19,17,0.0,Genoa,0.17,0.0,0.33,0.75,Lose,Draw,Win,Lose,Win,19,20,18,0.25,SPAL,0.17,0.0,0.33,https://footystats.org//italy/societa-polisportiva-ars-et-labor-2013-vs-genoa-cfc-h2h-stats#676457,Draw,13,2.46,3.23,2.95
Lose,Lose,Lose,Draw,Win,13,13,14,0.5,Bologna,0.27,0.17,0.4,0.3,Lose,Lose,Lose,Win,Win,15,15,17,0.2,Sassuolo,0.3,0.2,0.4,https://footystats.org//italy/us-sassuolo-calcio-vs-bologna-fc-1909-h2h-stats#676447,Home,12,2.67,3.42,2.57
Lose,Lose,Lose,Lose,Win,15,18,12,0.0,Torino,0.27,0.2,0.33,0.5,Lose,Draw,Lose,Lose,Lose,19,12,20,0.5,Brescia,0.2,0.33,0.0,https://footystats.org//italy/brescia-calcio-vs-torino-fc-h2h-stats#676439,Away,12,2.84,3.18,2.57
Win,Lose,Draw,Lose,Win,9,10,10,0.0,Hellas Verona,0.36,0.4,0.33,0.25,Draw,Win,Lose,Win,Draw,2,1,6,0.75,Inter Milan,0.82,1.0,0.6,https://footystats.org//italy/fc-internazionale-milano-vs-hellas-verona-fc-h2h-stats#676441,Home,12,1.31,5.27,9.77
Lose,Lose,Lose,Lose,Draw,17,19,16,0.2,Genoa,0.18,0.0,0.33,0.25,Draw,Draw,Win,Win,Lose,7,7,4,0.55,Napoli,0.45,0.33,0.6,https://footystats.org//italy/ssc-napoli-vs-genoa-cfc-h2h-stats#676444,Draw,12,1.27,6.00,10.1
Win,Draw,Win,Draw,Lose,8,8,11,0.39,Fiorentina,0.36,0.4,0.33,0.27,Win,Win,Draw,Win,Lose,6,5,6,0.33,Cagliari,0.55,0.6,0.5,https://footystats.org//italy/cagliari-calcio-vs-acf-fiorentina-h2h-stats#676440,Home,12,2.84,3.21,2.55
Draw,Draw,Lose,Win,Win,16,9,19,0.0,Lecce,0.18,0.33,0.0,0.5,Lose,Win,Draw,Win,Win,4,6,5,0.5,Lazio,0.55,0.5,0.6,https://footystats.org//italy/ss-lazio-vs-us-lecce-h2h-stats#676443,Home,12,1.18,7.49,13.77
Draw,Lose,Draw,Win,Win,5,2,13,0.33,Atalanta,0.55,0.67,0.4,0.11,Draw,Draw,Lose,Win,Lose,18,18,18,0.56,Sampdoria,0.18,0.17,0.2,https://footystats.org//italy/uc-sampdoria-vs-atalanta-bergamasca-calcio-h2h-stats#676446,Draw,12,5.06,3.98,1.65
Lose,Lose,Lose,Lose,Lose,20,20,17,0.25,SPAL,0.18,0.0,0.33,0.5,Lose,Win,Win,Lose,Lose,14,17,9,0.25,Udinese,0.36,0.2,0.5,https://footystats.org//italy/udinese-calcio-vs-societa-polisportiva-ars-et-labor-2013-h2h-stats#676448,Draw,12,1.97,3.23,4.19
Lose,Win,Draw,Draw,Win,3,4,3,0.83,Roma,0.55,0.6,0.5,0.08,Lose,Win,Win,Win,Lose,10,15,7,0.08,Parma,0.36,0.2,0.5,https://footystats.org//italy/parma-calcio-1913-vs-as-roma-h2h-stats#676445,Home,12,4.78,3.98,1.68
Lose,Win,Lose,Win,Lose,14,11,15,0.15,AC Milan,0.36,0.4,0.33,0.14,Win,Win,Win,Win,Win,2,3,1,0.7,Juventus,0.82,0.67,1.0,https://footystats.org//italy/juventus-fc-vs-ac-milan-h2h-stats#676442,Home,12,1.39,4.75,8.13
Draw,Win,Draw,Draw,Win,6,5,3,0.32,Napoli,0.5,0.4,0.6,0.22,Win,Draw,Draw,Lose,Win,4,3,9,0.45,Roma,0.5,0.6,0.4,https://footystats.org//italy/as-roma-vs-ssc-napoli-h2h-stats#676436,Home,11,3.12,3.60,2.19
Win,Win,Lose,Win,Win,2,1,5,0.63,Inter Milan,0.8,1.0,0.6,0.21,Win,Draw,Lose,Win,Win,11,13,13,0.16,Bologna,0.3,0.17,0.5,https://footystats.org//italy/bologna-fc-1909-vs-fc-internazionale-milano-h2h-stats#676430,Away,11,3.73,3.50,2.0
Draw,Win,Win,Draw,Draw,1,4,1,0.83,Juventus,0.8,0.6,1.0,0.11,Draw,Draw,Win,Lose,Win,13,16,8,0.06,Torino,0.3,0.2,0.4,https://footystats.org//italy/torino-fc-vs-juventus-fc-h2h-stats#676438,Away,11,6.67,4.04,1.52
Draw,Draw,Win,Win,Draw,7,8,5,0.37,Cagliari,0.5,0.5,0.5,0.1,Win,Win,Lose,Draw,Lose,4,2,10,0.53,Atalanta,0.6,0.67,0.5,https://footystats.org//italy/atalanta-bergamasca-calcio-vs-cagliari-calcio-h2h-stats#676429,Away,11,1.3,5.69,8.94
Lose,Lose,Draw,Lose,Win,14,18,8,0.35,Udinese,0.3,0.0,0.5,0.35,Win,Lose,Draw,Lose,Win,17,17,13,0.3,Genoa,0.2,0.0,0.4,https://footystats.org//italy/genoa-cfc-vs-udinese-calcio-h2h-stats#676432,Away,11,1.88,3.48,4.28
Lose,Lose,Win,Lose,Win,18,12,19,0.38,Brescia,0.22,0.4,0.0,0.25,Lose,Win,Draw,Lose,Draw,11,10,18,0.38,Hellas Verona,0.3,0.4,0.2,https://footystats.org//italy/hellas-verona-fc-vs-brescia-calcio-h2h-stats#676433,Home,11,2.14,3.22,3.62
Win,Lose,Lose,Lose,Lose,15,15,16,,Sassuolo,0.33,0.25,0.4,,Draw,Lose,Lose,Lose,Win,16,7,20,,Lecce,0.2,0.33,0.0,https://footystats.org//italy/us-lecce-vs-us-sassuolo-calcio-h2h-stats#676434,Draw,11,2.87,3.33,2.45
Draw,Lose,Lose,Win,Lose,9,14,7,0.38,Parma,0.4,0.25,0.5,0.38,Lose,Win,Win,Draw,Lose,8,6,14,0.23,Fiorentina,0.4,0.4,0.4,https://footystats.org//italy/acf-fiorentina-vs-parma-calcio-1913-h2h-stats#676431,Draw,11,1.59,4.01,5.7
Win,Lose,Draw,Lose,Lose,5,9,2,0.23,Lazio,0.5,0.4,0.6,0.38,Win,Draw,Lose,Lose,Win,10,11,11,0.38,AC Milan,0.4,0.4,0.4,https://footystats.org//italy/ac-milan-vs-ss-lazio-h2h-stats#676435,Away,11,3.27,3.39,2.21
Lose,Lose,Lose,Lose,Lose,20,19,18,0.8,Sampdoria,0.1,0.0,0.2,0.0,Draw,Win,Lose,Win,Lose,19,20,16,0.2,SPAL,0.2,0.0,0.4,https://footystats.org//italy/societa-polisportiva-ars-et-labor-2013-vs-uc-sampdoria-h2h-stats#676437,Away,11,2.4,3.15,3.13
Lose,Draw,Lose,Win,Lose,15,13,16,0.6,Hellas Verona,0.22,0.25,0.2,0.2,Win,Win,Win,Lose,Lose,8,14,4,0.2,Parma,0.44,0.25,0.6,https://footystats.org//italy/parma-calcio-1913-vs-hellas-verona-fc-h2h-stats#676425,Away,10,2.68,3.08,2.8
Win,Lose,Win,Win,Win,2,2,2,,Inter Milan,0.78,1.0,0.6,,Draw,Lose,Lose,Lose,Win,18,10,19,,Brescia,0.25,0.4,0.0,https://footystats.org//italy/brescia-calcio-vs-fc-internazionale-milano-h2h-stats#676419,Away,10,8.18,4.79,1.38
Lose,Draw,Win,Win,Lose,3,2,10,0.36,Atalanta,0.67,0.8,0.5,0.18,Win,Win,Lose,Win,Win,4,4,3,0.45,Napoli,0.56,0.4,0.75,https://footystats.org//italy/ssc-napoli-vs-atalanta-bergamasca-calcio-h2h-stats#676424,Draw,10,2.17,3.62,3.15
Lose,Lose,Draw,Win,Draw,10,12,11,0.41,Bologna,0.33,0.2,0.5,0.29,Win,Draw,Win,Lose,Lose,7,6,12,0.29,Cagliari,0.44,0.5,0.4,https://footystats.org//italy/cagliari-calcio-vs-bologna-fc-1909-h2h-stats#676420,Home,10,2.61,3.32,2.7
Lose,Lose,Lose,Draw,Draw,17,17,9,0.19,Genoa,0.22,0.0,0.4,0.23,Win,Win,Win,Win,Win,2,3,1,0.57,Juventus,0.78,0.6,1.0,https://footystats.org//italy/juventus-fc-vs-genoa-cfc-h2h-stats#676421,Home,10,1.21,6.64,12.29
Lose,Lose,Lose,Win,Lose,12,16,7,0.24,Torino,0.33,0.25,0.4,0.35,Draw,Win,Win,Win,Draw,6,9,6,0.41,Lazio,0.44,0.4,0.5,https://footystats.org//italy/ss-lazio-vs-torino-fc-h2h-stats#676422,Home,10,1.52,4.26,6.09
Draw,Lose,Win,Win,Lose,16,8,20,0.0,Lecce,0.22,0.4,0.0,0.0,Draw,Lose,Win,Lose,Win,20,19,18,1.0,Sampdoria,0.11,0.0,0.25,https://footystats.org//italy/uc-sampdoria-vs-us-lecce-h2h-stats#676426,Draw,10,1.69,3.85,4.96
Draw,Win,Draw,Lose,Lose,9,13,13,0.42,Fiorentina,0.33,0.25,0.4,0.33,Lose,Lose,Win,Win,Win,15,15,15,0.25,Sassuolo,0.38,0.25,0.5,https://footystats.org//italy/us-sassuolo-calcio-vs-acf-fiorentina-h2h-stats#676427,Away,10,3.16,3.32,2.29
Draw,Draw,Win,Win,Draw,5,5,8,0.64,Roma,0.44,0.5,0.4,0.09,Win,Win,Lose,Lose,Win,14,18,5,0.27,Udinese,0.33,0.0,0.6,https://footystats.org//italy/udinese-calcio-vs-as-roma-h2h-stats#676428,Away,10,3.77,3.35,2.04
Lose,Lose,Lose,Lose,Lose,19,20,14,0.0,SPAL,0.22,0.0,0.4,0.0,Draw,Lose,Lose,Win,Lose,14,11,18,1.0,AC Milan,0.33,0.4,0.25,https://footystats.org//italy/ac-milan-vs-societa-polisportiva-ars-et-labor-2013-h2h-stats#676423,Home,10,1.59,3.92,5.9
Lose,Lose,Lose,Lose,Lose,17,19,10,0.36,Sassuolo,0.29,0.0,0.5,0.21,Win,Draw,Lose,Draw,Lose,14,13,12,0.43,Hellas Verona,0.25,0.25,0.25,https://footystats.org//italy/hellas-verona-fc-vs-us-sassuolo-calcio-h2h-stats#676413,Away,9,2.35,3.23,3.13
Win,Win,Draw,Draw,Win,1,3,1,0.5,Juventus,0.88,0.75,1.0,0.5,Lose,Lose,Lose,Win,Win,17,6,20,0.0,Lecce,0.25,0.4,0.0,https://footystats.org//italy/us-lecce-vs-juventus-fc-h2h-stats#676415,Draw,9,8.68,4.93,1.35
Lose,Lose,Win,Lose,Lose,8,16,3,0.33,Parma,0.5,0.33,0.6,0.25,Win,Lose,Win,Draw,Win,2,2,4,0.42,Inter Milan,0.88,1.0,0.75,https://footystats.org//italy/fc-internazionale-milano-vs-parma-calcio-1913-h2h-stats#676414,Draw,9,1.29,5.57,10.24
Lose,Win,Lose,Win,Lose,16,9,19,,Brescia,0.29,0.5,0.0,,Lose,Draw,Lose,Win,Win,19,17,14,,Genoa,0.13,0.0,0.25,https://footystats.org//italy/genoa-cfc-vs-brescia-calcio-h2h-stats#676412,Home,9,1.97,3.58,3.73
Lose,Lose,Lose,Lose,Win,20,19,17,0.44,Sampdoria,0.13,0.0,0.25,0.25,Draw,Lose,Win,Win,Win,14,10,18,0.31,Bologna,0.25,0.2,0.33,https://footystats.org//italy/bologna-fc-1909-vs-uc-sampdoria-h2h-stats#676410,Home,9,1.92,3.49,4.06
Lose,Draw,Lose,Win,Win,11,18,5,0.33,Udinese,0.38,0.0,0.6,0.38,Win,Lose,Draw,Lose,Win,3,1,16,0.29,Atalanta,0.63,0.8,0.33,https://footystats.org//italy/atalanta-bergamasca-calcio-vs-udinese-calcio-h2h-stats#676409,Home,9,1.4,4.76,7.47
Win,Draw,Draw,Win,Lose,4,5,3,1.0,Napoli,0.63,0.5,0.75,0.0,Win,Lose,Win,Lose,Win,19,20,12,0.0,SPAL,0.25,0.0,0.5,https://footystats.org//italy/societa-polisportiva-ars-et-labor-2013-vs-ssc-napoli-h2h-stats#676417,Draw,9,6.52,4.38,1.49
Draw,Win,Win,Draw,Lose,5,7,9,0.29,Cagliari,0.5,0.67,0.4,0.28,Draw,Win,Lose,Win,Lose,10,15,8,0.43,Torino,0.38,0.25,0.5,https://footystats.org//italy/torino-fc-vs-cagliari-calcio-h2h-stats#676418,Draw,9,1.75,3.72,4.65
Win,Lose,Win,Lose,Draw,12,8,15,0.3,AC Milan,0.38,0.5,0.25,0.35,Draw,Draw,Lose,Win,Win,7,4,14,0.35,Roma,0.38,0.5,0.25,https://footystats.org//italy/as-roma-vs-ac-milan-h2h-stats#676416,Home,9,2.07,3.39,3.61
Lose,Draw,Lose,Lose,Lose,8,12,6,0.5,Lazio,0.38,0.25,0.5,0.22,Win,Win,Draw,Lose,Win,9,11,10,0.27,Fiorentina,0.38,0.25,0.5,https://footystats.org//italy/acf-fiorentina-vs-ss-lazio-h2h-stats#676411,Away,9,2.5,3.39,2.78
Win,Win,Lose,Win,Win,3,1,14,0.38,Atalanta,0.71,1.0,0.33,0.14,Win,Win,Win,Draw,Draw,6,11,5,0.48,Lazio,0.43,0.25,0.67,https://footystats.org//italy/ss-lazio-vs-atalanta-bergamasca-calcio-h2h-stats#676402,Draw,8,2.2,3.58,3.12
Draw,Lose,Win,Lose,Win,10,13,12,0.11,Hellas Verona,0.29,0.33,0.25,0.0,Win,Lose,Win,Win,Win,4,4,6,0.89,Napoli,0.57,0.5,0.67,https://footystats.org//italy/ssc-napoli-vs-hellas-verona-fc-h2h-stats#676404,Home,8,1.23,6.41,11.75
Lose,Draw,Win,Draw,Win,11,10,13,0.0,Bologna,0.29,0.25,0.33,0.2,Win,Win,Win,Win,Draw,1,2,2,0.8,Juventus,0.86,0.75,1.0,https://footystats.org//italy/juventus-fc-vs-bologna-fc-1909-h2h-stats#676401,Home,8,1.33,5.15,8.92
Lose,Win,Win,Win,Draw,2,3,3,0.33,Inter Milan,0.86,1.0,0.75,0.08,Lose,Win,Win,Win,Draw,15,19,9,0.58,Sassuolo,0.33,0.0,0.67,https://footystats.org//italy/us-sassuolo-calcio-vs-fc-internazionale-milano-h2h-stats#676407,Away,8,5.25,3.83,1.66
Lose,Lose,Lose,Lose,Win,17,20,7,0.0,SPAL,0.29,0.0,0.5,0.2,Draw,Win,Lose,Lose,Win,7,6,16,0.8,Cagliari,0.43,0.67,0.25,https://footystats.org//italy/cagliari-calcio-vs-societa-polisportiva-ars-et-labor-2013-h2h-stats#676400,Home,8,2.08,3.29,3.72
Draw,Win,Win,Draw,Draw,6,5,11,0.45,Roma,0.43,0.67,0.25,0.25,Lose,Win,Lose,Win,Lose,20,18,17,0.3,Sampdoria,0.14,0.0,0.33,https://footystats.org//italy/uc-sampdoria-vs-as-roma-h2h-stats#676406,Draw,8,3.54,3.42,2.09
Lose,Lose,Win,Lose,Draw,9,15,5,0.5,Torino,0.43,0.33,0.5,0.25,Win,Lose,Lose,Win,Win,14,17,10,0.25,Udinese,0.29,0.0,0.5,https://footystats.org//italy/udinese-calcio-vs-torino-fc-h2h-stats#676408,Home,8,2.94,3.09,2.56
Lose,Lose,Draw,Draw,Lose,19,16,15,0.33,Genoa,0.14,0.0,0.25,0.41,Win,Win,Lose,Lose,Win,12,14,8,0.25,Parma,0.43,0.33,0.5,https://footystats.org//italy/parma-calcio-1913-vs-genoa-cfc-h2h-stats#676405,Home,8,2.66,3.17,2.75
Lose,Win,Win,Lose,Lose,18,8,20,0.0,Lecce,0.29,0.5,0.0,0.25,Lose,Lose,Win,Lose,Win,13,9,18,0.75,AC Milan,0.43,0.5,0.33,https://footystats.org//italy/ac-milan-vs-us-lecce-h2h-stats#676403,Draw,8,1.41,4.75,7.38
Win,Draw,Lose,Lose,Lose,9,12,9,,Fiorentina,0.43,0.33,0.5,,Lose,Lose,Lose,Win,Win,17,9,19,,Brescia,0.33,0.5,0.0,https://footystats.org//italy/brescia-calcio-vs-acf-fiorentina-h2h-stats#676399,Draw,8,4.53,3.88,1.74
Lose,Win,Lose,Lose,Draw,9,15,5,0.0,Parma,0.5,0.5,0.5,0.0,Lose,Win,Lose,Win,Lose,19,20,16,1.0,SPAL,0.17,0.0,0.33,https://footystats.org//italy/societa-polisportiva-ars-et-labor-2013-vs-parma-calcio-1913-h2h-stats#676397,Home,7,2.62,3.18,2.78
Lose,Lose,Lose,Win,Draw,20,18,14,0.64,Sampdoria,0.17,0.0,0.33,0.27,Draw,Lose,Draw,Lose,Win,14,11,17,0.09,Hellas Verona,0.17,0.33,0.0,https://footystats.org//italy/hellas-verona-fc-vs-uc-sampdoria-h2h-stats#676394,Home,7,2.55,3.22,2.83
Lose,Win,Lose,Draw,Lose,16,13,13,0.55,AC Milan,0.33,0.33,0.33,0.15,Draw,Lose,Win,Win,Draw,18,16,9,0.3,Genoa,0.17,0.0,0.33,https://footystats.org//italy/genoa-cfc-vs-ac-milan-h2h-stats#676393,Away,7,2.89,3.19,2.53
Draw,Lose,Win,Win,Lose,14,17,8,0.27,Udinese,0.33,0.0,0.5,0.13,Win,Draw,Lose,Win,Lose,12,11,12,0.59,Fiorentina,0.33,0.33,0.33,https://footystats.org//italy/acf-fiorentina-vs-udinese-calcio-h2h-stats#676392,Home,7,1.53,4.10,6.45
Win,Win,Lose,Lose,Win,17,7,20,0.0,Lecce,0.33,0.67,0.0,0.75,Lose,Draw,Lose,Win,Lose,3,1,18,0.25,Atalanta,0.67,1.0,0.0,https://footystats.org//italy/atalanta-bergamasca-calcio-vs-us-lecce-h2h-stats#676389,Home,7,1.2,6.97,12.48
Lose,Lose,Lose,Win,Lose,6,13,3,0.5,Lazio,0.5,0.33,0.67,0.38,Lose,Win,Win,Win,Win,13,10,17,0.11,Bologna,0.33,0.25,0.5,https://footystats.org//italy/bologna-fc-1909-vs-ss-lazio-h2h-stats#676390,Draw,7,3.5,3.55,2.05
Win,Win,Draw,Lose,Lose,7,8,13,0.17,Cagliari,0.5,1.0,0.25,0.27,Lose,Win,Win,Draw,Win,5,3,14,0.56,Roma,0.5,0.67,0.33,https://footystats.org//italy/as-roma-vs-cagliari-calcio-h2h-stats#676396,Draw,7,1.36,5.11,8.05
Draw,Win,Lose,Win,Lose,4,5,4,0.63,Napoli,0.67,0.67,0.67,0.18,Win,Lose,Win,Lose,Win,9,14,9,0.19,Torino,0.5,0.33,0.67,https://footystats.org//italy/torino-fc-vs-ssc-napoli-h2h-stats#676398,Draw,7,3.82,3.69,1.92
Win,Draw,Draw,Win,Lose,2,4,1,0.46,Juventus,0.83,0.67,1.0,0.29,Win,Draw,Win,Win,Win,1,2,2,0.25,Inter Milan,1.0,1.0,1.0,https://footystats.org//italy/fc-internazionale-milano-vs-juventus-fc-h2h-stats#676395,Away,7,2.74,3.05,2.76
Draw,Draw,Draw,Win,Lose,14,17,13,0.25,Sassuolo,0.27,0.14,0.38,0.75,Win,Lose,Lose,Lose,Draw,18,12,19,0.0,Brescia,0.27,0.38,0.14,https://footystats.org//italy/brescia-calcio-vs-us-sassuolo-calcio-h2h-stats#676391,Away,7,2.49,3.49,2.73
Lose,Lose,Lose,Win,Win,19,20,10,0.25,SPAL,0.2,0.0,0.33,0.25,Win,Win,Draw,Lose,Draw,2,2,4,0.5,Juventus,0.8,0.67,1.0,https://footystats.org//italy/juventus-fc-vs-societa-polisportiva-ars-et-labor-2013-h2h-stats#676380,Home,6,1.18,6.83,15.68
Win,Win,Draw,Draw,Lose,1,5,1,0.58,Inter Milan,1.0,1.0,1.0,0.21,Win,Lose,Win,Lose,Lose,20,18,14,0.21,Sampdoria,0.2,0.0,0.5,https://footystats.org//italy/uc-sampdoria-vs-fc-internazionale-milano-h2h-stats#676386,Away,6,5.0,3.73,1.71
Win,Lose,Win,Win,Draw,3,1,18,0.63,Atalanta,0.6,1.0,0.0,0.25,Win,Win,Win,Draw,Draw,10,19,2,0.13,Sassuolo,0.4,0.0,1.0,https://footystats.org//italy/us-sassuolo-calcio-vs-atalanta-bergamasca-calcio-h2h-stats#676387,Away,6,4.08,4.09,1.76
Win,Lose,Win,Lose,Draw,11,5,19,,Brescia,0.4,0.67,0.0,,Lose,Win,Win,Win,Win,4,4,9,,Napoli,0.6,0.67,0.5,https://footystats.org//italy/ssc-napoli-vs-brescia-calcio-h2h-stats#676384,Home,6,1.2,6.93,13.21
Lose,Draw,Draw,Lose,Draw,17,15,6,0.48,Genoa,0.2,0.0,0.33,0.14,Win,Draw,Draw,Lose,Lose,9,11,7,0.38,Lazio,0.4,0.33,0.5,https://footystats.org//italy/ss-lazio-vs-genoa-cfc-h2h-stats#676381,Home,6,1.35,5.25,8.06
Win,Draw,Draw,Draw,Draw,7,9,5,0.75,Roma,0.4,0.5,0.33,0.0,Lose,Lose,Win,Win,Win,14,6,20,0.25,Lecce,0.4,0.67,0.0,https://footystats.org//italy/us-lecce-vs-as-roma-h2h-stats#676382,Away,6,4.93,4.22,1.63
Draw,Win,Draw,Win,Draw,8,8,13,0.22,Bologna,0.4,0.33,0.5,0.22,Lose,Lose,Win,Win,Win,18,17,12,0.56,Udinese,0.2,0.0,0.33,https://footystats.org//italy/udinese-calcio-vs-bologna-fc-1909-h2h-stats#676388,Home,6,3.04,3.18,2.43
Lose,Win,Lose,Win,Lose,16,13,17,0.67,Hellas Verona,0.2,0.5,0.0,0.0,Win,Lose,Lose,Win,Lose,5,7,16,0.33,Cagliari,0.6,1.0,0.33,https://footystats.org//italy/cagliari-calcio-vs-hellas-verona-fc-h2h-stats#676379,Draw,6,2.2,3.19,3.49
Draw,Lose,Lose,Lose,Lose,15,16,8,0.3,Fiorentina,0.2,0.0,0.33,0.25,Lose,Win,Lose,Win,Win,13,10,15,0.45,AC Milan,0.4,0.33,0.5,https://footystats.org//italy/ac-milan-vs-acf-fiorentina-h2h-stats#676383,Away,6,2.4,3.14,3.11
Lose,Win,Lose,Draw,Win,8,14,7,0.25,Torino,0.6,0.5,0.67,0.25,Win,Lose,Lose,Win,Win,15,15,15,0.5,Parma,0.4,0.5,0.33,https://footystats.org//italy/parma-calcio-1913-vs-torino-fc-h2h-stats#676385,Home,6,3.14,3.11,2.41
Lose,Win,Win,Lose,Lose,16,20,9,0.5,Udinese,0.25,0.0,0.33,0.25,Lose,Draw,Lose,Win,Draw,13,9,17,0.25,Hellas Verona,0.25,0.5,0.0,https://footystats.org//italy/hellas-verona-fc-vs-udinese-calcio-h2h-stats#676372,Draw,5,2.49,3.04,3.08
Draw,Draw,Win,Lose,Lose,2,5,1,,Juventus,0.75,0.5,1.0,,Lose,Lose,Win,Win,Win,11,2,19,,Brescia,0.5,0.67,0.0,https://footystats.org//italy/brescia-calcio-vs-juventus-fc-h2h-stats#676369,Away,5,7.28,4.17,1.48
Lose,Win,Win,Draw,Win,6,5,16,0.25,Atalanta,0.5,1.0,0.0,0.3,Win,Win,Draw,Win,Win,4,6,4,0.45,Roma,0.5,0.5,0.5,https://footystats.org//italy/as-roma-vs-atalanta-bergamasca-calcio-h2h-stats#676376,Away,5,2.32,3.64,2.87
Lose,Lose,Win,Draw,Draw,19,18,10,0.21,Sampdoria,0.25,0.0,0.5,0.36,Draw,Lose,Win,Lose,Win,20,15,17,0.42,Fiorentina,0.0,0.0,0.0,https://footystats.org//italy/acf-fiorentina-vs-uc-sampdoria-h2h-stats#676370,Home,5,1.59,4.10,5.45
Win,Draw,Win,Draw,Lose,7,7,8,0.44,Bologna,0.5,0.5,0.5,0.27,Lose,Win,Win,Draw,Draw,14,16,12,0.28,Genoa,0.25,0.0,0.5,https://footystats.org//italy/genoa-cfc-vs-bologna-fc-1909-h2h-stats#676371,Draw,5,2.4,3.46,2.87
Lose,Lose,Win,Lose,Win,5,11,5,0.39,Lazio,0.5,0.5,0.5,0.13,Draw,Win,Win,Win,Win,2,4,2,0.48,Inter Milan,1.0,1.0,1.0,https://footystats.org//italy/fc-internazionale-milano-vs-ss-lazio-h2h-stats#676373,Home,5,1.98,3.46,3.83
Win,Draw,Lose,Lose,Draw,9,14,14,0.06,Cagliari,0.5,1.0,0.33,0.33,Win,Win,Win,Win,Lose,3,2,6,0.61,Napoli,0.75,0.67,1.0,https://footystats.org//italy/ssc-napoli-vs-cagliari-calcio-h2h-stats#676374,Away,5,1.17,7.55,14.33
Lose,Lose,Lose,Lose,Win,8,19,3,0.33,Sassuolo,0.5,0.0,1.0,0.16,Lose,Lose,Win,Win,Draw,16,8,18,0.5,Parma,0.25,0.5,0.0,https://footystats.org//italy/parma-calcio-1913-vs-us-sassuolo-calcio-h2h-stats#676375,Home,5,2.77,3.32,2.54
Win,Lose,Lose,Win,Lose,18,10,20,,Lecce,0.25,0.5,0.0,,Win,Lose,Win,Lose,Lose,19,20,7,,SPAL,0.25,0.0,0.5,https://footystats.org//italy/societa-polisportiva-ars-et-labor-2013-vs-us-lecce-h2h-stats#676377,Away,5,2.07,3.32,3.71
Win,Lose,Draw,Lose,Win,12,10,14,0.41,AC Milan,0.5,0.5,0.5,0.52,Lose,Win,Lose,Win,Win,10,12,15,0.06,Torino,0.5,0.5,0.5,https://footystats.org//italy/torino-fc-vs-ac-milan-h2h-stats#676378,Home,5,2.57,3.07,2.93
Draw,Draw,Lose,Draw,Lose,10,14,10,0.5,Genoa,0.33,0.0,0.5,0.11,Lose,Lose,Win,Lose,Lose,13,13,19,0.39,Cagliari,0.33,1.0,0.0,https://footystats.org//italy/cagliari-calcio-vs-genoa-cfc-h2h-stats#676361,Home,4,2.97,3.26,2.43
Lose,Win,Lose,Draw,Lose,14,5,19,,Brescia,0.33,0.5,0.0,,Lose,Win,Win,Win,Draw,17,20,8,,Udinese,0.33,0.0,0.5,https://footystats.org//italy/udinese-calcio-vs-brescia-calcio-h2h-stats#676368,Away,4,1.86,3.54,4.28
Win,Lose,Win,Lose,Draw,11,7,15,0.11,Hellas Verona,0.33,1.0,0.0,0.22,Win,Draw,Lose,Draw,Draw,3,3,4,0.67,Juventus,0.67,0.5,1.0,https://footystats.org//italy/juventus-fc-vs-hellas-verona-fc-h2h-stats#676362,Home,4,1.21,6.38,14.23
Win,Draw,Draw,Lose,Lose,1,8,1,0.5,Inter Milan,1.0,1.0,1.0,0.27,Win,Lose,Win,Win,Lose,8,11,9,0.23,AC Milan,0.67,0.5,1.0,https://footystats.org//italy/ac-milan-vs-fc-internazionale-milano-h2h-stats#676365,Away,4,3.67,3.23,2.12
Lose,Lose,Win,Win,Lose,16,19,5,0.0,SPAL,0.33,0.0,0.5,0.5,Win,Win,Draw,Draw,Draw,14,17,6,0.5,Sassuolo,0.33,0.0,1.0,https://footystats.org//italy/us-sassuolo-calcio-vs-societa-polisportiva-ars-et-labor-2013-h2h-stats#676367,Home,4,1.96,3.46,3.91
Draw,Draw,Draw,Draw,Win,10,15,3,0.56,Roma,0.33,0.0,0.5,0.33,Win,Win,Win,Win,Win,3,4,7,0.11,Bologna,0.67,0.5,1.0,https://footystats.org//italy/bologna-fc-1909-vs-as-roma-h2h-stats#676360,Away,4,2.64,3.58,2.53
Lose,Win,Lose,Win,Win,4,6,4,0.75,Napoli,0.67,0.5,1.0,0.25,Lose,Win,Win,Win,Win,18,9,20,0.0,Lecce,0.33,0.5,0.0,https://footystats.org//italy/us-lecce-vs-ssc-napoli-h2h-stats#676364,Away,4,7.18,4.81,1.41
Win,Lose,Draw,Win,Lose,7,12,11,0.33,Torino,0.67,1.0,0.5,0.38,Lose,Win,Lose,Lose,Win,20,16,17,0.28,Sampdoria,0.0,0.0,0.0,https://footystats.org//italy/uc-sampdoria-vs-torino-fc-h2h-stats#676366,Home,4,2.91,3.27,2.46
Lose,Lose,Lose,Lose,Lose,19,18,14,0.57,Fiorentina,0.0,0.0,0.0,0.26,Lose,Win,Lose,Win,Win,6,1,16,0.17,Atalanta,0.67,1.0,0.0,https://footystats.org//italy/atalanta-bergamasca-calcio-vs-acf-fiorentina-h2h-stats#676359,Draw,4,2.17,3.45,3.29
Win,Lose,Lose,Draw,Draw,15,7,18,0.15,Parma,0.33,1.0,0.0,0.15,Draw,Draw,Lose,Lose,Win,11,10,13,0.69,Lazio,0.33,0.5,0.0,https://footystats.org//italy/ss-lazio-vs-parma-calcio-1913-h2h-stats#676363,Home,4,1.28,5.89,9.48
Win,Lose,Lose,Lose,Draw,2,8,5,0.67,Juventus,1.0,1.0,1.0,0.2,Lose,Win,Lose,Win,Draw,16,15,16,0.13,Fiorentina,0.0,0.0,0.0,https://footystats.org//italy/acf-fiorentina-vs-juventus-fc-h2h-stats#727659,Draw,3,4.53,3.57,1.81
Lose,Win,Draw,Draw,Lose,20,17,17,0.11,Sampdoria,0.0,0.0,0.0,0.22,Win,Win,Lose,Lose,Draw,10,1,15,0.67,Napoli,0.5,0.5,0.0,https://footystats.org//italy/ssc-napoli-vs-uc-sampdoria-h2h-stats#727660,Home,3,1.29,5.87,9.49
Win,Win,Lose,Lose,Lose,14,14,1,0.29,Udinese,0.5,0.0,0.5,0.09,Win,Win,Win,Draw,Draw,1,2,8,0.62,Inter Milan,1.0,1.0,1.0,https://footystats.org//italy/fc-internazionale-milano-vs-udinese-calcio-h2h-stats#727661,Home,3,1.34,5.14,8.99
Win,Draw,Win,Win,Draw,11,7,14,0.35,Atalanta,0.5,1.0,0.0,0.35,Win,Win,Draw,Draw,Lose,6,11,8,0.3,Genoa,0.5,0.0,1.0,https://footystats.org//italy/genoa-cfc-vs-atalanta-bergamasca-calcio-h2h-stats#676351,Away,3,3.41,3.61,2.08
Draw,Win,Draw,Lose,Draw,7,12,5,0.33,Bologna,0.5,0.0,1.0,0.33,Lose,Win,Win,Win,Win,13,5,18,0.33,Brescia,0.5,0.5,0.0,https://footystats.org//italy/brescia-calcio-vs-bologna-fc-1909-h2h-stats#676349,Away,3,3.58,3.46,2.05
Draw,Lose,Lose,Draw,Win,18,19,16,0.38,Cagliari,0.0,0.0,0.0,0.23,Lose,Win,Win,Draw,Draw,10,8,17,0.38,Parma,0.5,1.0,0.0,https://footystats.org//italy/parma-calcio-1913-vs-cagliari-calcio-h2h-stats#676355,Away,3,2.13,3.25,3.62
Win,Lose,Win,Win,Win,5,6,10,0.5,Lazio,0.5,1.0,0.0,0.25,Lose,Win,Lose,Lose,Draw,17,13,19,0.25,SPAL,0.0,0.0,0.0,https://footystats.org//italy/societa-polisportiva-ars-et-labor-2013-vs-ss-lazio-h2h-stats#676357,Home,3,5.82,4.07,1.57
Lose,Lose,Lose,Win,Draw,9,16,4,0.0,Sassuolo,0.5,0.0,1.0,0.41,Draw,Win,Win,Win,Win,15,10,11,0.58,Roma,0.0,0.0,0.0,https://footystats.org//italy/as-roma-vs-us-sassuolo-calcio-h2h-stats#676356,Home,3,1.55,4.41,5.49
Lose,Draw,Lose,Win,Win,12,18,7,0.44,AC Milan,0.5,0.0,1.0,0.22,Draw,Lose,Win,Draw,Win,8,9,13,0.33,Hellas Verona,0.5,1.0,0.0,https://footystats.org//italy/hellas-verona-fc-vs-ac-milan-h2h-stats#676352,Away,3,4.78,3.43,1.8
Lose,Lose,Win,Lose,Draw,19,20,20,0.0,Lecce,0.0,0.0,0.0,0.5,Win,Lose,Win,Win,Win,5,7,11,0.5,Torino,1.0,1.0,1.0,https://footystats.org//italy/torino-fc-vs-us-lecce-h2h-stats#676358,Away,3,1.43,4.54,7.35
Lose,Win,Win,Lose,Win,14,9,7,0.5,SPAL,0.0,0.0,0.0,0.25,Win,Win,Win,Win,Win,11,7,12,0.25,Bologna,0.0,0.0,0.0,https://footystats.org//italy/bologna-fc-1909-vs-societa-polisportiva-ars-et-labor-2013-h2h-stats#676339,Home,2,1.81,3.49,4.7
Win,Lose,Draw,Lose,Win,7,2,8,,Brescia,1.0,1.0,0.0,,Lose,Win,Win,Lose,Win,15,16,17,,AC Milan,0.0,0.0,0.0,https://footystats.org//italy/ac-milan-vs-brescia-calcio-h2h-stats#676340,Home,2,1.55,3.89,6.54
Win,Lose,Win,Win,Win,4,1,12,0.31,Napoli,1.0,1.0,0.0,0.15,Draw,Lose,Draw,Draw,Win,8,5,13,0.54,Juventus,1.0,1.0,0.0,https://footystats.org//italy/juventus-fc-vs-ssc-napoli-h2h-stats#676341,Home,2,2.02,3.32,3.95
Draw,Draw,Draw,Win,Lose,12,19,7,0.52,Roma,0.0,0.0,0.0,0.17,Draw,Lose,Lose,Win,Draw,4,3,17,0.3,Lazio,1.0,1.0,0.0,https://footystats.org//italy/ss-lazio-vs-as-roma-h2h-stats#676342,Draw,2,2.05,3.61,3.47
Lose,Draw,Win,Lose,Draw,6,17,3,0.44,Torino,1.0,0.0,1.0,0.22,Win,Lose,Win,Win,Win,5,4,16,0.33,Atalanta,1.0,1.0,0.0,https://footystats.org//italy/atalanta-bergamasca-calcio-vs-torino-fc-h2h-stats#676343,Away,2,1.59,4.09,5.59
Draw,Draw,Lose,Lose,Draw,3,8,2,0.47,Inter Milan,1.0,0.0,1.0,0.26,Lose,Win,Lose,Lose,Win,16,18,19,0.26,Cagliari,0.0,0.0,0.0,https://footystats.org//italy/cagliari-calcio-vs-fc-internazionale-milano-h2h-stats#676344,Away,2,5.64,4.07,1.58
Lose,Lose,Lose,Lose,Lose,14,12,12,0.4,Fiorentina,0.0,0.0,0.0,0.5,Win,Draw,Draw,Lose,Lose,11,6,18,0.1,Genoa,0.0,0.0,0.0,https://footystats.org//italy/genoa-cfc-vs-acf-fiorentina-h2h-stats#676345,Home,2,2.78,3.40,2.49
Lose,Win,Lose,Draw,Lose,13,11,8,0.0,Hellas Verona,0.0,0.0,0.0,0.0,Win,Win,Win,Win,Win,20,20,20,1.0,Lecce,0.0,0.0,0.0,https://footystats.org//italy/us-lecce-vs-hellas-verona-fc-h2h-stats#676346,Away,2,2.01,3.43,3.8
Win,Draw,Draw,Lose,Lose,19,15,15,0.25,Sampdoria,0.0,0.0,0.0,0.43,Win,Draw,Draw,Draw,Win,15,14,14,0.31,Sassuolo,0.0,0.0,0.0,https://footystats.org//italy/us-sassuolo-calcio-vs-uc-sampdoria-h2h-stats#676347,Home,2,2.23,3.45,3.16
Lose,Lose,Draw,Draw,Lose,17,10,11,0.33,Parma,0.0,0.0,0.0,0.33,Win,Win,Win,Draw,Draw,7,13,1,0.33,Udinese,1.0,0.0,1.0,https://footystats.org//italy/udinese-calcio-vs-parma-calcio-1913-h2h-stats#676348,Away,2,1.92,3.46,4.09
Lose,Lose,Lose,Draw,Lose,10,11,11,0.62,Juventus,0.0,0.0,0.0,0.23,Win,Win,Draw,Draw,Draw,14,5,5,0.15,Parma,0.0,0.0,0.0,https://footystats.org//italy/parma-calcio-1913-vs-juventus-fc-h2h-stats#676329,Away,1,9.41,5.06,1.33
Lose,Win,Win,Win,Lose,13,1,1,0.55,Napoli,0.0,0.0,0.0,0.27,Win,Lose,Win,Draw,Lose,6,7,7,0.18,Fiorentina,0.0,0.0,0.0,https://footystats.org//italy/acf-fiorentina-vs-ssc-napoli-h2h-stats#676330,Away,1,4.35,3.58,1.84
Draw,Lose,Win,Win,Lose,3,15,15,0.41,AC Milan,0.0,0.0,0.0,0.18,Win,Win,Draw,Draw,Win,18,11,10,0.41,Udinese,0.0,0.0,0.0,https://footystats.org//italy/udinese-calcio-vs-ac-milan-h2h-stats#676331,Home,1,3.9,3.34,2.01
Lose,Draw,Lose,Win,Draw,6,4,4,0.5,Brescia,0.0,0.0,0.0,0.0,Win,Lose,Lose,Win,Win,7,18,18,0.5,Cagliari,0.0,0.0,0.0,https://footystats.org//italy/cagliari-calcio-vs-brescia-calcio-h2h-stats#676332,Away,1,1.81,3.54,4.63
Win,Draw,Lose,Draw,Lose,5,10,2,0.57,Bologna,0.0,0.0,0.0,0.14,Lose,Win,Draw,Win,Win,9,6,6,0.29,Hellas Verona,0.0,0.0,0.0,https://footystats.org//italy/hellas-verona-fc-vs-bologna-fc-1909-h2h-stats#676333,Draw,1,3.87,3.33,2.03
Draw,Lose,Draw,Lose,Draw,8,16,16,0.2,Genoa,0.0,0.0,0.0,0.1,Win,Win,Win,Win,Draw,13,19,19,0.7,Roma,0.0,0.0,0.0,https://footystats.org//italy/as-roma-vs-genoa-cfc-h2h-stats#676334,Draw,1,1.69,3.76,5.14
Lose,Win,Win,Win,Win,11,14,14,0.61,Lazio,0.0,0.0,0.0,0.22,Win,Lose,Lose,Win,Lose,14,12,12,0.17,Sampdoria,0.0,0.0,0.0,https://footystats.org//italy/uc-sampdoria-vs-ss-lazio-h2h-stats#676335,Away,1,3.59,3.39,2.08
Draw,Win,Win,Draw,Win,4,13,13,0.25,Atalanta,0.0,0.0,0.0,0.5,Win,Lose,Lose,Draw,Win,16,3,3,0.25,SPAL,0.0,0.0,0.0,https://footystats.org//italy/societa-polisportiva-ars-et-labor-2013-vs-atalanta-bergamasca-calcio-h2h-stats#676336,Away,1,5.02,3.70,1.71
Lose,Lose,Win,Draw,Draw,15,9,9,0.19,Sassuolo,0.0,0.0,0.0,0.37,Lose,Win,Win,Win,Win,17,17,17,0.44,Torino,0.0,0.0,0.0,https://footystats.org//italy/torino-fc-vs-us-sassuolo-calcio-h2h-stats#676337,Home,1,1.89,3.46,4.27
Lose,Win,Lose,Draw,Lose,13,20,20,0.25,Lecce,0.0,0.0,0.0,0.0,Win,Win,Draw,Draw,Draw,12,8,10,0.75,Inter Milan,0.0,0.0,0.0,https://footystats.org//italy/fc-internazionale-milano-vs-us-lecce-h2h-stats#676338,Home,1,1.24,5.99,12.46
Lose,Win,Win,Draw,Lose,1,3,1,0.77,Juventus,0.75,0.63,0.88,0.15,Win,Draw,Win,Lose,Win,8,9,8,0.08,Sassuolo,0.41,0.35,0.47,https://footystats.org//italy/us-sassuolo-calcio-vs-juventus-fc-h2h-stats#676655,Draw,33,4.9,4.08,1.66
Draw,Lose,Draw,Lose,Draw,9,13,5,0.0,Hellas Verona,0.34,0.19,0.5,0.33,Win,Lose,Win,Win,Win,5,6,6,0.67,Roma,0.5,0.5,0.5,https://footystats.org//italy/as-roma-vs-hellas-verona-fc-h2h-stats#676653,Home,33,1.65,4.13,4.92
Lose,Win,Lose,Win,Win,4,4,2,0.64,Lazio,0.66,0.6,0.71,0.18,Lose,Draw,Lose,Draw,Draw,15,15,13,0.18,Udinese,0.28,0.25,0.31,https://footystats.org//italy/udinese-calcio-vs-ss-lazio-h2h-stats#676656,Draw,33,3.71,3.50,2.01
Lose,Lose,Win,Draw,Win,12,11,12,0.23,Parma,0.34,0.31,0.38,0.15,Win,Win,Lose,Win,Draw,7,7,9,0.62,AC Milan,0.44,0.47,0.4,https://footystats.org//italy/ac-milan-vs-parma-calcio-1913-h2h-stats#676658,Home,33,1.42,4.80,7.19
Win,Lose,Win,Win,Win,6,5,7,0.55,Napoli,0.47,0.5,0.44,0.15,Lose,Draw,Lose,Draw,Lose,10,8,15,0.3,Bologna,0.34,0.44,0.25,https://footystats.org//italy/bologna-fc-1909-vs-ssc-napoli-h2h-stats#676657,Draw,33,4.44,3.73,1.79
Draw,Draw,Win,Lose,Lose,11,10,10,0.37,Cagliari,0.31,0.25,0.38,0.36,Win,Lose,Win,Lose,Lose,14,14,14,0.26,Sampdoria,0.31,0.31,0.31,https://footystats.org//italy/uc-sampdoria-vs-cagliari-calcio-h2h-stats#676650,Home,33,1.81,3.65,4.46
Win,Lose,Draw,Win,Lose,13,12,16,0.2,Fiorentina,0.25,0.33,0.18,0.2,Win,Lose,Lose,Lose,Win,18,16,18,0.6,Lecce,0.22,0.25,0.19,https://footystats.org//italy/us-lecce-vs-acf-fiorentina-h2h-stats#676651,Away,33,3.3,3.57,2.13
Draw,Win,Draw,Lose,Win,4,3,3,0.8,Inter Milan,0.63,0.67,0.59,0.2,Lose,Draw,Lose,Lose,Lose,20,20,20,0.0,SPAL,0.16,0.18,0.13,https://footystats.org//italy/societa-polisportiva-ars-et-labor-2013-vs-fc-internazionale-milano-h2h-stats#676654,Away,33,12.01,6.67,1.22
Draw,Draw,Win,Win,Draw,17,17,17,0.28,Genoa,0.22,0.13,0.31,0.33,Win,Lose,Win,Draw,Lose,16,18,12,0.39,Torino,0.31,0.25,0.38,https://footystats.org//italy/torino-fc-vs-genoa-cfc-h2h-stats#676652,Home,33,2.27,3.25,3.28
