away_form_1,away_form_2,away_form_3,away_form_4,away_form_5,away_position_all,away_position_away,away_position_home,away_previous,away_team,away_winperc_all,away_winperc_away,away_winperc_home,draw_previous,home_form_1,home_form_2,home_form_3,home_form_4,home_form_5,home_position_all,home_position_away,home_position_home,home_previous,home_team,home_winperc_all,home_winperc_away,home_winperc_home,link,odds_away,odds_draw,odds_home,result,round
Lose,Win,Lose,Lose,Win,15,9,18,0.27,Real Valladolid,0.23,0.25,0.2,0.27,Draw,Win,Win,Draw,Draw,4,2,10,0.45,Sevilla FC,0.45,0.44,0.47,https://footystats.org//spain/sevilla-fc-vs-real-valladolid-club-de-futbol-h2h-stats#632682,9.0,4.4,1.4,Draw,32
Lose,Lose,Win,Draw,Lose,18,20,15,0.27,RCD Mallorca,0.23,0.07,0.38,0.27,Win,Draw,Win,Lose,Win,10,10,6,0.45,Athletic Club Bilbao,0.32,0.13,0.53,https://footystats.org//spain/athletic-club-bilbao-vs-real-club-deportivo-mallorca-h2h-stats#632674,7.5,4.0,1.5,Home,32
Draw,Win,Lose,Draw,Win,1,4,1,0.53,FC Barcelona,0.68,0.4,0.94,0.23,Win,Lose,Win,Win,Draw,16,12,16,0.24,Celta de Vigo,0.23,0.13,0.33,https://footystats.org//spain/real-club-celta-de-vigo-vs-fc-barcelona-h2h-stats#632676,1.61,4.2,5.25,Draw,32
Draw,Lose,Win,Lose,Lose,19,17,19,0.29,Leganés,0.16,0.07,0.25,0.14,Lose,Win,Lose,Lose,Win,12,8,17,0.57,CA Osasuna,0.29,0.25,0.33,https://footystats.org//spain/ca-osasuna-vs-cd-leganes-h2h-stats#632681,3.6,3.0,2.25,Home,32
Lose,Lose,Draw,Lose,Draw,15,19,12,0.0,Deportivo Alavés,0.29,0.13,0.44,0.42,Win,Draw,Win,Win,Win,3,3,4,0.57,Atlético Madrid,0.45,0.31,0.6,https://footystats.org//spain/club-atletico-de-madrid-vs-deportivo-alaves-h2h-stats#632675,11.0,4.75,1.33,Home,32
Lose,Lose,Lose,Draw,Draw,13,16,8,0.5,Real Betis,0.29,0.07,0.5,0.14,Lose,Draw,Draw,Win,Win,12,14,13,0.36,Levante UD,0.35,0.25,0.47,https://footystats.org//spain/levante-ud-vs-real-betis-balompie-h2h-stats#632680,2.62,3.3,2.62,Home,32
Lose,Lose,Draw,Lose,Lose,8,15,4,0.43,Valencia CF,0.39,0.2,0.56,0.21,Draw,Win,Lose,Win,Win,6,6,11,0.35,Villarreal,0.45,0.44,0.47,https://footystats.org//spain/villarreal-cf-vs-valencia-cf-h2h-stats#632683,3.2,3.25,2.25,Home,32
Draw,Lose,Lose,Lose,Draw,17,18,14,0.71,SD Eibar,0.26,0.07,0.44,0.28,Lose,Win,Win,Draw,Win,10,11,6,0.0,Granada CF,0.39,0.19,0.6,https://footystats.org//spain/granada-cf-vs-sd-eibar-h2h-stats#632679,3.25,3.0,2.37,Away,32
Win,Lose,Lose,Win,Win,2,1,2,0.84,Real Madrid,0.65,0.53,0.75,0.12,Lose,Win,Draw,Win,Win,20,13,20,0.04,RCD Espanyol,0.16,0.19,0.13,https://footystats.org//spain/reial-club-deportiu-espanyol-vs-real-madrid-cf-h2h-stats#632677,1.44,4.75,6.5,Away,32
Draw,Draw,Win,Draw,Lose,4,2,9,0.48,Sevilla FC,0.47,0.47,0.47,0.26,Win,Lose,Win,Win,Lose,7,4,11,0.26,Villarreal,0.47,0.44,0.5,https://footystats.org//spain/villarreal-cf-vs-sevilla-fc-h2h-stats#632672,2.7,3.3,2.6,Draw,31
Draw,Draw,Win,Lose,Lose,10,11,5,0.4,Granada CF,0.4,0.2,0.6,0.0,Lose,Draw,Draw,Win,Lose,19,17,19,0.6,Leganés,0.17,0.07,0.27,https://footystats.org//spain/cd-leganes-vs-granada-cf-h2h-stats#632668,3.3,2.9,2.37,Draw,31
Win,Draw,Win,Draw,Draw,4,6,4,0.59,Atlético Madrid,0.43,0.27,0.6,0.17,Draw,Draw,Win,Win,Lose,11,13,12,0.24,Levante UD,0.37,0.25,0.5,https://footystats.org//spain/levante-ud-vs-club-atletico-de-madrid-h2h-stats#632669,1.65,3.6,5.75,Away,31
Lose,Win,Lose,Lose,Win,5,5,8,0.4,Getafe CF,0.43,0.43,0.44,0.33,Draw,Lose,Win,Draw,Lose,15,8,18,0.27,Real Valladolid,0.23,0.25,0.21,https://footystats.org//spain/real-valladolid-club-de-futbol-vs-getafe-club-de-futbol-h2h-stats#632673,2.45,2.87,3.4,Draw,31
Draw,Win,Lose,Lose,Lose,10,10,6,0.14,Athletic Club Bilbao,0.33,0.13,0.53,0.17,Win,Win,Win,Win,Win,1,3,1,0.69,FC Barcelona,0.67,0.4,0.93,https://footystats.org//spain/fc-barcelona-vs-athletic-club-bilbao-h2h-stats#632665,10.0,5.25,1.3,Home,31
Lose,Draw,Lose,Win,Lose,12,9,17,0.38,CA Osasuna,0.27,0.2,0.33,0.0,Win,Draw,Win,Win,Lose,13,19,11,0.63,Deportivo Alavés,0.3,0.13,0.47,https://footystats.org//spain/deportivo-alaves-vs-ca-osasuna-h2h-stats#632664,2.9,3.1,2.55,Away,31
Draw,Draw,Draw,Draw,Lose,16,15,15,0.26,Celta de Vigo,0.2,0.07,0.33,0.31,Lose,Draw,Win,Win,Win,7,7,7,0.42,Real Sociedad,0.47,0.4,0.53,https://footystats.org//spain/real-sociedad-de-futbol-vs-real-club-celta-de-vigo-h2h-stats#632671,4.0,3.25,2.0,Away,31
Lose,Win,Draw,Lose,Lose,18,20,14,0.18,RCD Mallorca,0.23,0.07,0.38,0.09,Win,Win,Win,Lose,Draw,2,1,2,0.73,Real Madrid,0.63,0.53,0.73,https://footystats.org//spain/real-madrid-cf-vs-real-club-deportivo-mallorca-h2h-stats#632670,17.0,9.0,1.12,Home,31
Lose,Draw,Lose,Lose,Lose,8,15,3,0.36,Valencia CF,0.4,0.21,0.56,0.27,Draw,Lose,Lose,Win,Draw,17,18,16,0.36,SD Eibar,0.23,0.07,0.4,https://footystats.org//spain/sd-eibar-vs-valencia-cf-h2h-stats#632667,2.55,3.4,2.7,Home,31
Draw,Lose,Lose,Lose,Draw,20,13,20,0.37,RCD Espanyol,0.17,0.2,0.13,0.31,Draw,Win,Draw,Lose,Win,14,16,12,0.32,Real Betis,0.27,0.07,0.47,https://footystats.org//spain/real-betis-balompie-vs-reial-club-deportiu-espanyol-h2h-stats#632666,3.4,3.3,2.15,Home,31
Win,Lose,Lose,Draw,Lose,7,7,10,0.55,Villarreal,0.45,0.4,0.5,0.27,Win,Win,Draw,Win,Win,9,11,5,0.18,Granada CF,0.41,0.2,0.64,https://footystats.org//spain/granada-cf-vs-villarreal-cf-h2h-stats#632659,2.4,3.2,3.1,Away,30
Lose,Win,Lose,Lose,Lose,20,18,19,0.6,Leganés,0.17,0.07,0.27,0.2,Lose,Lose,Win,Lose,Win,18,20,15,0.2,RCD Mallorca,0.24,0.07,0.4,https://footystats.org//spain/real-club-deportivo-mallorca-vs-cd-leganes-h2h-stats#632660,2.87,2.9,2.8,Draw,30
Win,Lose,Draw,Win,Lose,1,3,1,0.77,FC Barcelona,0.69,0.43,0.93,0.12,Win,Win,Draw,Draw,Draw,3,2,9,0.1,Sevilla FC,0.48,0.47,0.5,https://footystats.org//spain/sevilla-fc-vs-fc-barcelona-h2h-stats#632662,2.05,3.6,3.4,Draw,30
Draw,Lose,Lose,Lose,Lose,11,15,12,0.33,Levante UD,0.34,0.2,0.5,0.33,Win,Draw,Win,Win,Draw,19,12,20,0.33,RCD Espanyol,0.17,0.2,0.14,https://footystats.org//spain/reial-club-deportiu-espanyol-vs-levante-ud-h2h-stats#632657,3.8,3.5,1.95,Away,30
Lose,Lose,Draw,Draw,Lose,14,16,13,0.32,Real Betis,0.28,0.07,0.47,0.1,Draw,Win,Lose,Win,Win,10,10,11,0.58,Athletic Club Bilbao,0.31,0.13,0.5,https://footystats.org//spain/athletic-club-bilbao-vs-real-betis-balompie-h2h-stats#632654,3.75,3.25,2.1,Home,30
Lose,Lose,Lose,Draw,Lose,16,19,15,0.18,SD Eibar,0.24,0.07,0.4,0.36,Draw,Draw,Lose,Win,Win,5,5,9,0.45,Getafe CF,0.45,0.43,0.47,https://footystats.org//spain/getafe-club-de-futbol-vs-sd-eibar-h2h-stats#632658,5.0,3.4,1.8,Draw,30
Win,Lose,Lose,Win,Lose,15,8,17,0.18,Real Valladolid,0.24,0.27,0.21,0.09,Draw,Win,Win,Win,Draw,4,6,4,0.73,Atlético Madrid,0.41,0.27,0.57,https://footystats.org//spain/club-atletico-de-madrid-vs-real-valladolid-club-de-futbol-h2h-stats#632655,11.0,4.5,1.36,Home,30
Lose,Draw,Lose,Draw,Win,12,19,10,0.56,Deportivo Alavés,0.31,0.14,0.47,0.22,Lose,Win,Win,Draw,Draw,17,15,18,0.22,Celta de Vigo,0.17,0.07,0.29,https://footystats.org//spain/real-club-celta-de-vigo-vs-deportivo-alaves-h2h-stats#632656,4.5,3.25,1.9,Home,30
Draw,Lose,Win,Lose,Lose,13,9,16,0.2,CA Osasuna,0.28,0.21,0.33,0.26,Draw,Lose,Win,Draw,Win,8,14,4,0.53,Valencia CF,0.38,0.21,0.53,https://footystats.org//spain/valencia-cf-vs-ca-osasuna-h2h-stats#632663,4.0,3.5,1.9,Home,30
Lose,Lose,Win,Win,Win,2,1,2,0.75,Real Madrid,0.62,0.5,0.73,0.05,Draw,Win,Win,Win,Win,6,7,7,0.2,Real Sociedad,0.48,0.4,0.57,https://footystats.org//spain/real-sociedad-de-futbol-vs-real-madrid-cf-h2h-stats#632661,1.75,4.2,4.1,Away,30
Draw,Win,Draw,Lose,Lose,3,2,7,0.44,Sevilla FC,0.5,0.5,0.5,0.33,Draw,Win,Win,Lose,Win,12,14,10,0.22,Levante UD,0.36,0.2,0.54,https://footystats.org//spain/levante-ud-vs-sevilla-fc-h2h-stats#632649,1.65,4.0,5.0,Draw,29
Draw,Win,Lose,Lose,Win,9,11,5,0.42,Granada CF,0.43,0.21,0.64,0.25,Win,Draw,Lose,Win,Lose,13,16,11,0.33,Real Betis,0.29,0.07,0.5,https://footystats.org//spain/real-betis-balompie-vs-granada-cf-h2h-stats#632646,4.0,3.5,1.9,Draw,29
Lose,Lose,Lose,Draw,Lose,20,12,20,0.3,RCD Espanyol,0.18,0.21,0.14,0.34,Draw,Lose,Win,Win,Win,5,4,8,0.35,Getafe CF,0.46,0.43,0.5,https://footystats.org//spain/getafe-club-de-futbol-vs-reial-club-deportiu-espanyol-h2h-stats#632648,4.33,3.1,1.95,Draw,29
Win,Draw,Lose,Lose,Lose,18,20,15,0.33,RCD Mallorca,0.25,0.08,0.4,0.22,Lose,Win,Win,Lose,Win,9,6,13,0.44,Villarreal,0.43,0.4,0.46,https://footystats.org//spain/villarreal-cf-vs-real-club-deportivo-mallorca-h2h-stats#632652,5.75,4.5,1.53,Home,29
Win,Lose,Lose,Lose,Draw,19,18,19,0.13,Leganés,0.18,0.08,0.27,0.0,Win,Win,Win,Win,Win,1,3,1,0.88,FC Barcelona,0.68,0.43,0.93,https://footystats.org//spain/fc-barcelona-vs-cd-leganes-h2h-stats#632645,13.0,7.5,1.16,Home,29
Win,Lose,Lose,Lose,Draw,10,10,10,0.55,Athletic Club Bilbao,0.32,0.14,0.5,0.36,Lose,Lose,Win,Draw,Win,16,19,16,0.09,SD Eibar,0.25,0.07,0.43,https://footystats.org//spain/sd-eibar-vs-athletic-club-bilbao-h2h-stats#632647,2.4,3.0,3.2,Draw,29
Draw,Draw,Draw,Lose,Lose,17,15,17,0.44,Celta de Vigo,0.18,0.07,0.29,0.33,Lose,Win,Draw,Lose,Draw,14,8,18,0.22,Real Valladolid,0.25,0.27,0.23,https://footystats.org//spain/real-valladolid-club-de-futbol-vs-real-club-celta-de-vigo-h2h-stats#632653,2.6,3.0,3.0,Draw,29
Draw,Win,Draw,Draw,Lose,6,7,4,0.67,Atlético Madrid,0.39,0.21,0.57,0.13,Win,Lose,Lose,Win,Draw,11,9,14,0.2,CA Osasuna,0.29,0.21,0.36,https://footystats.org//spain/ca-osasuna-vs-club-atletico-de-madrid-h2h-stats#632650,1.8,3.25,5.0,Away,29
Win,Lose,Win,Win,Lose,5,6,6,0.71,Real Sociedad,0.5,0.43,0.57,0.0,Draw,Win,Win,Lose,Draw,15,17,13,0.29,Deportivo Alavés,0.29,0.14,0.43,https://footystats.org//spain/deportivo-alaves-vs-real-sociedad-de-futbol-h2h-stats#632644,1.95,3.5,3.8,Home,29
Draw,Lose,Lose,Lose,Lose,8,13,3,0.17,Valencia CF,0.39,0.23,0.53,0.29,Win,Win,Lose,Draw,Lose,2,1,2,0.54,Real Madrid,0.61,0.5,0.71,https://footystats.org//spain/real-madrid-cf-vs-valencia-cf-h2h-stats#632651,8.0,4.75,1.36,Home,29
Lose,Draw,Draw,Lose,Draw,12,15,10,0.24,Real Betis,0.3,0.08,0.5,0.23,Win,Draw,Draw,Draw,Win,3,2,12,0.52,Sevilla FC,0.48,0.5,0.46,https://footystats.org//spain/sevilla-fc-vs-real-betis-balompie-h2h-stats#632642,4.33,3.75,1.8,Home,28
Win,Lose,Lose,Win,Win,5,3,8,0.27,Getafe CF,0.48,0.46,0.5,0.27,Win,Draw,Win,Win,Win,9,11,7,0.45,Granada CF,0.41,0.21,0.62,https://footystats.org//spain/granada-cf-vs-getafe-club-de-futbol-h2h-stats#632637,2.45,3.0,3.1,Home,28
Lose,Lose,Lose,Lose,Lose,13,16,10,0.24,Levante UD,0.37,0.21,0.54,0.29,Lose,Win,Draw,Win,Win,7,13,3,0.47,Valencia CF,0.41,0.23,0.57,https://footystats.org//spain/valencia-cf-vs-levante-ud-h2h-stats#632643,4.75,3.8,1.7,Draw,28
Draw,Lose,Draw,Win,Lose,14,17,12,0.22,Deportivo Alavés,0.3,0.15,0.43,0.22,Draw,Win,Win,Draw,Draw,20,12,20,0.56,RCD Espanyol,0.15,0.21,0.08,https://footystats.org//spain/reial-club-deportiu-espanyol-vs-deportivo-alaves-h2h-stats#632636,3.75,3.2,2.05,Home,28
Lose,Lose,Draw,Lose,Win,9,7,13,0.4,Villarreal,0.41,0.36,0.46,0.2,Win,Win,Draw,Draw,Draw,17,15,17,0.4,Celta de Vigo,0.19,0.07,0.31,https://footystats.org//spain/real-club-celta-de-vigo-vs-villarreal-cf-h2h-stats#632635,2.7,3.4,2.5,Away,28
Lose,Lose,Win,Lose,Draw,15,10,18,0.11,Real Valladolid,0.22,0.21,0.23,0.22,Draw,Draw,Win,Lose,Win,19,18,19,0.67,Leganés,0.19,0.08,0.29,https://footystats.org//spain/cd-leganes-vs-real-valladolid-club-de-futbol-h2h-stats#632638,3.5,3.0,2.25,Away,28
Lose,Draw,Win,Lose,Lose,1,5,1,0.82,FC Barcelona,0.67,0.38,0.93,0.09,Lose,Win,Lose,Win,Lose,18,20,14,0.09,RCD Mallorca,0.26,0.08,0.43,https://footystats.org//spain/real-club-deportivo-mallorca-vs-fc-barcelona-h2h-stats#632639,1.28,5.75,10.0,Away,28
Win,Draw,Draw,Lose,Lose,6,7,4,0.69,Atlético Madrid,0.41,0.23,0.57,0.07,Win,Lose,Win,Win,Lose,10,10,9,0.23,Athletic Club Bilbao,0.33,0.14,0.54,https://footystats.org//spain/athletic-club-bilbao-vs-club-atletico-de-madrid-h2h-stats#632634,2.2,2.9,3.75,Draw,28
Lose,Lose,Draw,Lose,Win,16,19,16,0.09,SD Eibar,0.26,0.08,0.43,0.09,Win,Lose,Draw,Lose,Win,2,1,2,0.82,Real Madrid,0.59,0.5,0.69,https://footystats.org//spain/real-madrid-cf-vs-sd-eibar-h2h-stats#632640,11.0,7.0,1.22,Home,28
Lose,Win,Lose,Lose,Win,11,9,14,0.17,CA Osasuna,0.3,0.23,0.36,0.33,Win,Win,Win,Win,Win,4,5,6,0.5,Real Sociedad,0.52,0.43,0.62,https://footystats.org//spain/real-sociedad-de-futbol-vs-ca-osasuna-h2h-stats#632641,5.0,3.9,1.66,Draw,28
Lose,Lose,Lose,Lose,Draw,7,12,3,0.67,Valencia CF,0.42,0.25,0.57,0.0,Win,Win,Lose,Draw,Draw,13,16,12,0.33,Deportivo Alavés,0.31,0.15,0.46,https://footystats.org//spain/deportivo-alaves-vs-valencia-cf-h2h-stats#632624,2.75,3.25,2.6,Draw,27
Draw,Lose,Lose,Lose,Win,18,20,14,0.67,RCD Mallorca,0.23,0.0,0.43,0.0,Win,Draw,Win,Win,Lose,16,18,15,0.33,SD Eibar,0.28,0.08,0.5,https://footystats.org//spain/sd-eibar-vs-real-club-deportivo-mallorca-h2h-stats#632628,5.25,3.6,1.7,Away,27
Win,Draw,Lose,Lose,Lose,3,2,11,0.31,Sevilla FC,0.5,0.54,0.46,0.34,Win,Win,Win,Draw,Win,5,6,4,0.35,Atlético Madrid,0.42,0.23,0.62,https://footystats.org//spain/club-atletico-de-madrid-vs-sevilla-fc-h2h-stats#632625,4.33,3.4,1.9,Draw,27
Win,Win,Lose,Lose,Win,6,5,5,0.22,Real Sociedad,0.52,0.42,0.62,0.17,Win,Win,Win,Win,Win,2,4,1,0.61,FC Barcelona,0.65,0.38,0.92,https://footystats.org//spain/fc-barcelona-vs-real-sociedad-de-futbol-h2h-stats#632626,8.5,5.5,1.33,Home,27
Draw,Draw,Lose,Lose,Draw,17,17,17,0.23,Celta de Vigo,0.19,0.08,0.31,0.3,Lose,Win,Win,Win,Lose,4,3,7,0.46,Getafe CF,0.5,0.46,0.54,https://footystats.org//spain/getafe-club-de-futbol-vs-real-club-celta-de-vigo-h2h-stats#632629,4.75,3.3,1.85,Draw,27
Lose,Lose,Draw,Lose,Lose,20,10,20,0.4,RCD Espanyol,0.15,0.23,0.08,0.06,Lose,Lose,Win,Draw,Lose,13,8,16,0.53,CA Osasuna,0.27,0.23,0.31,https://footystats.org//spain/ca-osasuna-vs-reial-club-deportiu-espanyol-h2h-stats#632631,3.0,3.25,2.4,Home,27
Lose,Lose,Lose,Draw,Draw,10,13,8,0.45,Athletic Club Bilbao,0.31,0.08,0.54,0.36,Win,Draw,Lose,Draw,Draw,15,9,18,0.18,Real Valladolid,0.23,0.21,0.25,https://footystats.org//spain/real-valladolid-club-de-futbol-vs-athletic-club-bilbao-h2h-stats#632633,2.75,2.8,3.0,Away,27
Win,Lose,Lose,Win,Lose,9,12,6,0.36,Granada CF,0.42,0.23,0.62,0.09,Win,Win,Lose,Win,Lose,11,16,10,0.55,Levante UD,0.38,0.21,0.58,https://footystats.org//spain/levante-ud-vs-granada-cf-h2h-stats#632630,3.75,3.4,2.05,Draw,27
Lose,Lose,Lose,Draw,Win,19,19,19,0.22,Leganés,0.15,0.0,0.29,0.11,Win,Win,Lose,Win,Draw,8,7,12,0.67,Villarreal,0.42,0.36,0.5,https://footystats.org//spain/villarreal-cf-vs-cd-leganes-h2h-stats#632632,5.0,3.6,1.75,Away,27
Lose,Win,Win,Win,Win,2,1,2,0.71,Real Madrid,0.62,0.54,0.69,0.11,Draw,Lose,Win,Lose,Win,14,15,13,0.18,Real Betis,0.27,0.08,0.46,https://footystats.org//spain/real-betis-balompie-vs-real-madrid-cf-h2h-stats#632627,1.72,4.0,4.5,Home,27
Lose,Win,Lose,Draw,Draw,15,9,17,0.11,Real Valladolid,0.24,0.23,0.25,0.55,Win,Win,Win,Win,Win,6,5,7,0.33,Real Sociedad,0.5,0.42,0.58,https://footystats.org//spain/real-sociedad-de-futbol-vs-real-valladolid-club-de-futbol-h2h-stats#632621,7.0,4.0,1.53,Home,26
Lose,Lose,Lose,Lose,Draw,10,15,8,0.22,Levante UD,0.4,0.23,0.58,0.66,Draw,Win,Win,Lose,Lose,17,16,18,0.11,SD Eibar,0.25,0.08,0.45,https://footystats.org//spain/sd-eibar-vs-levante-ud-h2h-stats#632615,3.8,3.5,2.0,Home,26
Draw,Draw,Lose,Draw,Win,13,14,12,0.32,Real Betis,0.28,0.08,0.46,0.21,Draw,Win,Win,Lose,Win,8,12,4,0.47,Valencia CF,0.4,0.25,0.54,https://footystats.org//spain/valencia-cf-vs-real-betis-balompie-h2h-stats#632623,3.4,3.4,2.15,Home,26
Lose,Draw,Win,Lose,Lose,14,17,10,0.08,Deportivo Alavés,0.32,0.17,0.46,0.58,Draw,Win,Lose,Win,Win,19,19,19,0.33,Leganés,0.16,0.0,0.31,https://footystats.org//spain/cd-leganes-vs-deportivo-alaves-h2h-stats#632618,4.33,3.1,2.0,Draw,26
Draw,Lose,Lose,Draw,Win,16,18,16,0.55,Celta de Vigo,0.2,0.08,0.31,0.27,Win,Win,Win,Win,Lose,9,11,6,0.18,Granada CF,0.44,0.23,0.67,https://footystats.org//spain/granada-cf-vs-real-club-celta-de-vigo-h2h-stats#632617,2.75,3.0,2.8,Draw,26
Win,Lose,Lose,Win,Win,12,8,16,0.13,CA Osasuna,0.28,0.25,0.31,0.26,Draw,Draw,Draw,Win,Win,5,2,13,0.6,Sevilla FC,0.48,0.54,0.42,https://footystats.org//spain/sevilla-fc-vs-ca-osasuna-h2h-stats#632622,8.0,4.33,1.45,Home,26
Lose,Draw,Lose,Win,Win,8,6,9,0.39,Villarreal,0.44,0.38,0.5,0.3,Lose,Win,Win,Lose,Draw,11,13,11,0.3,Athletic Club Bilbao,0.28,0.08,0.5,https://footystats.org//spain/athletic-club-bilbao-vs-villarreal-cf-h2h-stats#632614,3.2,3.3,2.3,Home,26
Draw,Lose,Lose,Lose,Draw,4,7,4,0.57,Atlético Madrid,0.44,0.25,0.62,0.13,Win,Win,Draw,Draw,Draw,20,10,20,0.3,RCD Espanyol,0.16,0.23,0.08,https://footystats.org//spain/reial-club-deportiu-espanyol-vs-club-atletico-de-madrid-h2h-stats#632616,2.05,3.1,4.2,Draw,26
Lose,Lose,Win,Win,Lose,6,3,7,0.53,Getafe CF,0.48,0.42,0.54,0.13,Win,Lose,Win,Lose,Lose,18,20,14,0.33,RCD Mallorca,0.24,0.0,0.46,https://footystats.org//spain/real-club-deportivo-mallorca-vs-getafe-club-de-futbol-h2h-stats#632619,2.25,3.0,3.7,Away,26
Draw,Win,Lose,Lose,Win,1,4,1,0.59,FC Barcelona,0.68,0.42,0.92,0.24,Lose,Draw,Lose,Win,Win,2,1,3,0.17,Real Madrid,0.6,0.54,0.67,https://footystats.org//spain/real-madrid-cf-vs-fc-barcelona-h2h-stats#632620,3.1,3.6,2.2,Home,26
Lose,Lose,Lose,Win,Lose,18,20,13,0.33,RCD Mallorca,0.25,0.0,0.46,0.11,Lose,Win,Lose,Win,Win,12,13,11,0.56,Real Betis,0.29,0.08,0.5,https://footystats.org//spain/real-betis-balompie-vs-real-club-deportivo-mallorca-h2h-stats#632607,7.0,4.6,1.45,Draw,25
Lose,Lose,Draw,Win,Win,19,19,18,0.43,Leganés,0.17,0.0,0.31,0.28,Win,Draw,Draw,Draw,Draw,18,18,17,0.29,Celta de Vigo,0.17,0.08,0.25,https://footystats.org//spain/real-club-celta-de-vigo-vs-cd-leganes-h2h-stats#632608,4.75,3.4,1.8,Home,25
Lose,Draw,Lose,Win,Lose,16,15,16,0.0,SD Eibar,0.26,0.08,0.45,0.09,Win,Win,Win,Win,Lose,2,4,1,0.91,FC Barcelona,0.67,0.42,0.92,https://footystats.org//spain/fc-barcelona-vs-sd-eibar-h2h-stats#632606,13.0,6.5,1.2,Home,25
Lose,Lose,Lose,Draw,Win,7,11,3,0.32,Valencia CF,0.42,0.27,0.54,0.15,Win,Win,Win,Win,Win,8,5,10,0.53,Real Sociedad,0.48,0.42,0.55,https://footystats.org//spain/real-sociedad-de-futbol-vs-valencia-cf-h2h-stats#632612,4.75,4.0,1.65,Home,25
Win,Win,Win,Win,Win,1,1,2,0.71,Real Madrid,0.63,0.58,0.67,0.17,Win,Lose,Win,Lose,Win,13,14,11,0.12,Levante UD,0.38,0.23,0.55,https://footystats.org//spain/levante-ud-vs-real-madrid-cf-h2h-stats#632610,1.44,5.0,6.0,Home,25
Lose,Lose,Win,Lose,Win,9,15,5,0.4,Granada CF,0.42,0.17,0.67,0.33,Lose,Win,Draw,Lose,Draw,12,8,15,0.27,CA Osasuna,0.29,0.25,0.33,https://footystats.org//spain/ca-osasuna-vs-granada-cf-h2h-stats#632611,4.33,3.4,1.85,Away,25
Lose,Draw,Draw,Draw,Win,11,12,10,0.29,Athletic Club Bilbao,0.29,0.08,0.5,0.42,Win,Lose,Draw,Draw,Lose,14,17,14,0.29,Deportivo Alavés,0.29,0.17,0.42,https://footystats.org//spain/deportivo-alaves-vs-athletic-club-bilbao-h2h-stats#632604,2.7,3.0,2.9,Home,25
Lose,Draw,Lose,Lose,Win,20,10,20,0.27,RCD Espanyol,0.17,0.25,0.08,0.54,Draw,Lose,Draw,Draw,Draw,15,9,19,0.18,Real Valladolid,0.21,0.23,0.18,https://footystats.org//spain/real-valladolid-club-de-futbol-vs-reial-club-deportiu-espanyol-h2h-stats#632613,3.0,3.0,2.62,Home,25
Draw,Lose,Lose,Lose,Win,6,2,12,0.39,Sevilla FC,0.46,0.5,0.42,0.13,Win,Win,Win,Lose,Win,3,3,6,0.48,Getafe CF,0.5,0.42,0.58,https://footystats.org//spain/getafe-club-de-futbol-vs-sevilla-fc-h2h-stats#632609,3.4,3.1,2.3,Away,25
Draw,Lose,Win,Win,Win,7,6,9,0.38,Villarreal,0.46,0.42,0.5,0.28,Win,Win,Draw,Win,Win,5,7,4,0.33,Atlético Madrid,0.42,0.25,0.58,https://footystats.org//spain/club-atletico-de-madrid-vs-villarreal-cf-h2h-stats#632605,5.5,3.75,1.65,Home,25
Lose,Lose,Lose,Draw,Win,4,7,4,0.48,Atlético Madrid,0.43,0.27,0.58,0.33,Win,Win,Lose,Win,Draw,7,10,3,0.19,Valencia CF,0.43,0.27,0.58,https://footystats.org//spain/valencia-cf-vs-club-atletico-de-madrid-h2h-stats#632602,2.3,3.1,3.4,Draw,24
Draw,Lose,Win,Lose,Win,16,14,16,0.42,SD Eibar,0.27,0.09,0.45,0.25,Lose,Draw,Draw,Lose,Win,15,17,15,0.33,Deportivo Alavés,0.27,0.18,0.36,https://footystats.org//spain/deportivo-alaves-vs-sd-eibar-h2h-stats#632584,3.4,3.2,2.25,Home,23
Lose,Draw,Win,Win,Draw,18,19,17,0.2,Leganés,0.18,0.0,0.33,0.2,Lose,Win,Lose,Win,Win,14,13,14,0.6,Levante UD,0.36,0.25,0.5,https://footystats.org//spain/levante-ud-vs-cd-leganes-h2h-stats#632590,2.87,3.25,2.5,Home,23
Lose,Draw,Win,Lose,Draw,5,10,3,0.57,Valencia CF,0.45,0.3,0.58,0.17,Win,Lose,Win,Win,Win,3,3,6,0.26,Getafe CF,0.5,0.45,0.55,https://footystats.org//spain/getafe-club-de-futbol-vs-valencia-cf-h2h-stats#632589,4.0,3.3,2.0,Home,23
Lose,Win,Win,Win,Win,7,5,9,0.44,Villarreal,0.45,0.45,0.45,0.22,Lose,Draw,Draw,Draw,Lose,15,8,18,0.33,Real Valladolid,0.23,0.25,0.2,https://footystats.org//spain/real-valladolid-club-de-futbol-vs-villarreal-cf-h2h-stats#632593,2.45,3.2,3.0,Draw,23
Win,Lose,Win,Lose,Win,10,15,5,0.0,Granada CF,0.41,0.18,0.64,0.23,Draw,Win,Win,Win,Lose,6,7,4,0.77,Atlético Madrid,0.41,0.27,0.55,https://footystats.org//spain/club-atletico-de-madrid-vs-granada-cf-h2h-stats#632585,10.0,4.2,1.4,Home,23
Lose,Lose,Win,Lose,Win,17,20,15,0.55,RCD Mallorca,0.23,0.0,0.42,0.18,Draw,Draw,Draw,Lose,Lose,20,11,20,0.27,RCD Espanyol,0.14,0.27,0.0,https://footystats.org//spain/reial-club-deportiu-espanyol-vs-real-club-deportivo-mallorca-h2h-stats#632588,5.5,4.0,1.61,Home,23
Draw,Draw,Draw,Win,Draw,9,12,7,0.32,Athletic Club Bilbao,0.32,0.09,0.55,0.26,Win,Win,Win,Lose,Draw,8,4,13,0.42,Real Sociedad,0.45,0.42,0.5,https://footystats.org//spain/real-sociedad-de-futbol-vs-athletic-club-bilbao-h2h-stats#632592,3.8,3.3,2.05,Home,23
Win,Win,Win,Win,Win,1,1,2,0.71,Real Madrid,0.64,0.55,0.73,0.17,Win,Draw,Lose,Draw,Lose,12,9,14,0.12,CA Osasuna,0.27,0.18,0.36,https://footystats.org//spain/ca-osasuna-vs-real-madrid-cf-h2h-stats#632591,1.53,4.5,5.75,Away,23
Lose,Lose,Win,Win,Win,5,2,12,0.41,Sevilla FC,0.5,0.55,0.45,0.23,Draw,Draw,Draw,Draw,Lose,19,18,19,0.35,Celta de Vigo,0.14,0.09,0.18,https://footystats.org//spain/real-club-celta-de-vigo-vs-sevilla-fc-h2h-stats#632587,2.2,3.4,3.4,Home,23
Lose,Lose,Win,Draw,Draw,2,6,1,0.76,FC Barcelona,0.64,0.36,0.91,0.17,Win,Lose,Win,Win,Lose,13,16,8,0.06,Real Betis,0.32,0.09,0.55,https://footystats.org//spain/real-betis-balompie-vs-fc-barcelona-h2h-stats#632586,1.85,3.8,4.0,Away,23
Lose,Win,Win,Lose,Win,20,10,20,0.54,RCD Espanyol,0.14,0.3,0.0,0.23,Win,Lose,Win,Draw,Lose,11,15,8,0.23,Granada CF,0.38,0.18,0.6,https://footystats.org//spain/granada-cf-vs-reial-club-deportiu-espanyol-h2h-stats#632577,2.8,3.1,2.7,Home,22
Lose,Lose,Draw,Win,Win,5,7,4,0.22,Atlético Madrid,0.43,0.3,0.55,0.33,Win,Draw,Draw,Win,Draw,1,1,2,0.44,Real Madrid,0.62,0.55,0.7,https://footystats.org//spain/real-madrid-cf-vs-club-atletico-de-madrid-h2h-stats#632580,4.75,3.5,1.8,Home,22
Lose,Draw,Draw,Win,Lose,16,12,17,0.65,Real Valladolid,0.19,0.18,0.2,0.0,Win,Lose,Lose,Win,Draw,17,20,13,0.35,RCD Mallorca,0.24,0.0,0.45,https://footystats.org//spain/real-club-deportivo-mallorca-vs-real-valladolid-club-de-futbol-h2h-stats#632579,3.4,3.25,2.25,Away,22
Lose,Draw,Win,Lose,Win,18,18,18,0.35,Celta de Vigo,0.14,0.1,0.18,0.23,Win,Lose,Win,Draw,Win,7,9,3,0.41,Valencia CF,0.43,0.3,0.55,https://footystats.org//spain/valencia-cf-vs-real-club-celta-de-vigo-h2h-stats#632582,4.5,3.6,1.8,Home,22
Lose,Win,Win,Win,Draw,7,3,10,0.43,Real Sociedad,0.48,0.45,0.5,0.42,Lose,Win,Win,Lose,Lose,19,19,19,0.14,Leganés,0.14,0.0,0.27,https://footystats.org//spain/cd-leganes-vs-real-sociedad-de-futbol-h2h-stats#632578,2.6,3.1,2.9,Home,22
Lose,Draw,Win,Draw,Win,12,16,8,0.22,Real Betis,0.33,0.1,0.55,0.33,Win,Win,Lose,Lose,Lose,16,14,16,0.44,SD Eibar,0.29,0.09,0.5,https://footystats.org//spain/sd-eibar-vs-real-betis-balompie-h2h-stats#632576,2.8,3.4,2.5,Draw,22
Win,Lose,Lose,Win,Win,5,4,7,0.24,Getafe CF,0.48,0.4,0.55,0.42,Draw,Draw,Win,Win,Win,9,12,6,0.33,Athletic Club Bilbao,0.33,0.09,0.6,https://footystats.org//spain/athletic-club-bilbao-vs-getafe-club-de-futbol-h2h-stats#632574,3.3,2.8,2.55,Away,22
Win,Lose,Lose,Lose,Win,15,17,15,0.14,Deportivo Alavés,0.29,0.2,0.36,0.28,Win,Win,Draw,Lose,Win,3,2,9,0.57,Sevilla FC,0.52,0.55,0.5,https://footystats.org//spain/sevilla-fc-vs-deportivo-alaves-h2h-stats#632581,8.5,5.0,1.36,Draw,22
Lose,Win,Win,Draw,Win,11,9,11,0.31,CA Osasuna,0.29,0.2,0.36,0.3,Lose,Win,Draw,Lose,Draw,8,5,14,0.38,Villarreal,0.43,0.45,0.4,https://footystats.org//spain/villarreal-cf-vs-ca-osasuna-h2h-stats#632583,4.33,4.0,1.75,Home,22
Lose,Lose,Draw,Lose,Win,13,13,12,0.14,Levante UD,0.38,0.27,0.5,0.09,Win,Win,Lose,Win,Draw,2,6,1,0.76,FC Barcelona,0.62,0.36,0.9,https://footystats.org//spain/fc-barcelona-vs-levante-ud-h2h-stats#632575,15.0,9.0,1.14,Home,22
Lose,Draw,Lose,Win,Win,12,13,9,0.33,Levante UD,0.4,0.3,0.5,0.22,Draw,Lose,Draw,Lose,Win,13,8,16,0.44,CA Osasuna,0.25,0.2,0.3,https://footystats.org//spain/ca-osasuna-vs-levante-ud-h2h-stats#632569,4.75,4.0,1.66,Home,21
Draw,Win,Draw,Draw,Win,8,12,3,0.28,Athletic Club Bilbao,0.35,0.1,0.6,0.28,Draw,Draw,Lose,Lose,Draw,20,10,20,0.44,RCD Espanyol,0.15,0.3,0.0,https://footystats.org//spain/reial-club-deportiu-espanyol-vs-athletic-club-bilbao-h2h-stats#632567,3.25,2.9,2.5,Draw,21
Win,Draw,Draw,Win,Win,1,4,1,0.57,FC Barcelona,0.65,0.4,0.9,0.32,Lose,Win,Draw,Win,Draw,7,9,5,0.11,Valencia CF,0.4,0.3,0.5,https://footystats.org//spain/valencia-cf-vs-fc-barcelona-h2h-stats#632572,1.61,4.33,5.0,Home,21
Win,Win,Win,Win,Win,9,7,12,0.29,Villarreal,0.4,0.4,0.4,0.0,Draw,Draw,Lose,Win,Draw,14,17,13,0.71,Deportivo Alavés,0.3,0.2,0.4,https://footystats.org//spain/deportivo-alaves-vs-villarreal-cf-h2h-stats#632564,2.55,3.25,2.8,Away,21
Win,Lose,Win,Lose,Win,11,14,7,0.27,Granada CF,0.4,0.2,0.6,0.13,Win,Draw,Lose,Win,Win,4,1,14,0.6,Sevilla FC,0.5,0.55,0.44,https://footystats.org//spain/sevilla-fc-vs-granada-cf-h2h-stats#632571,9.5,4.75,1.36,Home,21
Win,Win,Draw,Draw,Draw,20,19,19,0.0,Leganés,0.15,0.0,0.27,0.42,Win,Win,Win,Lose,Win,4,7,5,0.57,Atlético Madrid,0.45,0.3,0.6,https://footystats.org//spain/club-atletico-de-madrid-vs-cd-leganes-h2h-stats#632565,9.0,4.0,1.44,Draw,21
Lose,Win,Lose,Win,Draw,16,15,15,0.38,SD Eibar,0.3,0.1,0.5,0.07,Draw,Draw,Draw,Lose,Lose,18,18,18,0.54,Celta de Vigo,0.15,0.1,0.2,https://footystats.org//spain/real-club-celta-de-vigo-vs-sd-eibar-h2h-stats#632566,3.8,3.4,2.0,Draw,21
Draw,Win,Draw,Win,Draw,11,16,6,0.27,Real Betis,0.35,0.11,0.55,0.4,Lose,Win,Win,Win,Draw,6,4,8,0.33,Getafe CF,0.45,0.4,0.5,https://footystats.org//spain/getafe-club-de-futbol-vs-real-betis-balompie-h2h-stats#632568,3.8,3.3,2.05,Home,21
Lose,Win,Lose,Win,Draw,17,20,12,0.43,RCD Mallorca,0.25,0.0,0.45,0.0,Win,Lose,Draw,Win,Draw,9,3,16,0.57,Real Sociedad,0.45,0.45,0.44,https://footystats.org//spain/real-sociedad-de-futbol-vs-real-club-deportivo-mallorca-h2h-stats#632570,7.5,4.33,1.45,Home,21
Win,Win,Win,Draw,Draw,2,2,2,0.73,Real Madrid,0.6,0.5,0.7,0.18,Draw,Draw,Draw,Lose,Win,15,12,17,0.09,Real Valladolid,0.2,0.18,0.22,https://footystats.org//spain/real-valladolid-club-de-futbol-vs-real-madrid-cf-h2h-stats#632573,1.44,4.5,7.5,Away,21
Lose,Lose,Win,Win,Win,7,7,7,0.4,Getafe CF,0.42,0.33,0.5,0.4,Win,Win,Lose,Lose,Win,19,18,18,0.2,Leganés,0.16,0.0,0.3,https://footystats.org//spain/cd-leganes-vs-getafe-club-de-futbol-h2h-stats#632558,2.7,2.87,3.0,Away,20
Lose,Lose,Lose,Win,Lose,15,19,11,0.8,Deportivo Alavés,0.26,0.11,0.4,0.0,Win,Lose,Win,Win,Lose,11,11,8,0.2,Levante UD,0.42,0.3,0.56,https://footystats.org//spain/levante-ud-vs-deportivo-alaves-h2h-stats#632559,3.75,3.4,2.05,Away,20
Win,Win,Win,Lose,Draw,4,1,12,0.3,Sevilla FC,0.53,0.6,0.44,0.03,Draw,Draw,Win,Draw,Win,2,2,2,0.67,Real Madrid,0.58,0.5,0.67,https://footystats.org//spain/real-madrid-cf-vs-sevilla-fc-h2h-stats#632562,5.25,4.33,1.6,Home,20
Draw,Win,Lose,Draw,Lose,14,12,16,0.13,Real Valladolid,0.21,0.2,0.22,0.4,Lose,Draw,Lose,Win,Win,12,8,15,0.47,CA Osasuna,0.26,0.2,0.33,https://footystats.org//spain/ca-osasuna-vs-real-valladolid-club-de-futbol-h2h-stats#632561,5.0,3.4,1.8,Draw,20
Draw,Win,Win,Draw,Lose,3,6,3,0.77,Atlético Madrid,0.47,0.33,0.6,0.23,Win,Lose,Lose,Lose,Win,16,15,17,0.0,SD Eibar,0.26,0.1,0.44,https://footystats.org//spain/sd-eibar-vs-club-atletico-de-madrid-h2h-stats#632557,1.8,3.3,5.25,Home,20
Draw,Win,Win,Lose,Win,7,9,5,0.36,Valencia CF,0.42,0.33,0.5,0.27,Lose,Lose,Win,Draw,Win,18,20,16,0.36,RCD Mallorca,0.21,0.0,0.4,https://footystats.org//spain/real-club-deportivo-mallorca-vs-valencia-cf-h2h-stats#632560,2.05,3.4,3.75,Home,20
Win,Win,Win,Draw,Lose,6,3,14,0.5,Real Sociedad,0.47,0.5,0.44,0.33,Lose,Win,Win,Lose,Win,13,16,9,0.17,Real Betis,0.32,0.11,0.5,https://footystats.org//spain/real-betis-balompie-vs-real-sociedad-de-futbol-h2h-stats#632556,2.8,3.4,2.5,Home,20
Win,Lose,Win,Lose,Draw,20,14,20,0.13,RCD Espanyol,0.11,0.22,0.0,0.52,Win,Draw,Lose,Draw,Win,9,7,10,0.35,Villarreal,0.42,0.4,0.44,https://footystats.org//spain/villarreal-cf-vs-reial-club-deportiu-espanyol-h2h-stats#632563,5.75,3.8,1.65,Away,20
Win,Lose,Win,Lose,Win,17,18,18,0.21,Celta de Vigo,0.16,0.11,0.2,0.21,Draw,Win,Win,Win,Draw,8,11,4,0.58,Athletic Club Bilbao,0.37,0.1,0.67,https://footystats.org//spain/athletic-club-bilbao-vs-real-club-celta-de-vigo-h2h-stats#632554,4.5,3.25,1.95,Draw,20
Win,Lose,Win,Lose,Lose,10,13,6,0.15,Granada CF,0.42,0.22,0.6,0.0,Lose,Win,Draw,Win,Win,2,4,1,0.85,FC Barcelona,0.63,0.4,0.89,https://footystats.org//spain/fc-barcelona-vs-granada-cf-h2h-stats#632555,17.0,7.5,1.16,Home,20
Draw,Draw,Lose,Draw,Lose,19,19,18,0.75,Leganés,0.17,0.0,0.3,0.12,Draw,Draw,Lose,Win,Win,14,11,17,0.13,Real Valladolid,0.22,0.2,0.25,https://footystats.org//spain/real-valladolid-club-de-futbol-vs-cd-leganes-h2h-stats#632553,3.0,2.87,2.7,Draw,19
Draw,Win,Lose,Win,Draw,7,12,3,0.46,Athletic Club Bilbao,0.39,0.11,0.67,0.08,Lose,Win,Win,Draw,Win,3,1,13,0.46,Sevilla FC,0.56,0.6,0.5,https://footystats.org//spain/sevilla-fc-vs-athletic-club-bilbao-h2h-stats#632551,6.0,3.75,1.61,Draw,19
Win,Draw,Lose,Win,Lose,16,15,17,0.4,SD Eibar,0.28,0.11,0.44,0.3,Draw,Win,Draw,Win,Win,8,7,6,0.3,Valencia CF,0.39,0.33,0.44,https://footystats.org//spain/valencia-cf-vs-sd-eibar-h2h-stats#632552,5.5,3.9,1.61,Home,19
Draw,Draw,Win,Win,Win,2,3,2,0.85,Real Madrid,0.56,0.44,0.67,0.05,Win,Win,Win,Draw,Win,6,6,4,0.1,Getafe CF,0.44,0.33,0.56,https://footystats.org//spain/getafe-club-de-futbol-vs-real-madrid-cf-h2h-stats#632548,1.85,3.6,4.2,Away,19
Win,Win,Lose,Lose,Win,9,11,7,0.25,Levante UD,0.44,0.33,0.56,0.18,Win,Win,Lose,Win,Win,4,5,5,0.56,Atlético Madrid,0.44,0.33,0.56,https://footystats.org//spain/club-atletico-de-madrid-vs-levante-ud-h2h-stats#632545,12.0,5.75,1.25,Home,19
Draw,Win,Win,Win,Lose,1,4,1,0.77,FC Barcelona,0.67,0.44,0.89,0.15,Draw,Lose,Lose,Draw,Win,20,14,20,0.08,RCD Espanyol,0.11,0.22,0.0,https://footystats.org//spain/reial-club-deportiu-espanyol-vs-fc-barcelona-h2h-stats#632547,1.45,4.75,6.5,Draw,19
Win,Draw,Lose,Lose,Lose,17,20,14,0.17,RCD Mallorca,0.22,0.0,0.4,0.5,Lose,Win,Draw,Lose,Win,11,13,10,0.33,Granada CF,0.39,0.22,0.56,https://footystats.org//spain/granada-cf-vs-real-club-deportivo-mallorca-h2h-stats#632549,4.2,3.4,1.95,Home,19
Win,Win,Lose,Lose,Lose,10,9,9,0.45,Villarreal,0.39,0.33,0.44,0.31,Draw,Win,Draw,Lose,Win,5,3,13,0.23,Real Sociedad,0.5,0.5,0.5,https://footystats.org//spain/real-sociedad-de-futbol-vs-villarreal-cf-h2h-stats#632550,3.9,3.9,1.85,Away,19
Win,Draw,Win,Draw,Lose,13,16,8,0.38,Real Betis,0.33,0.13,0.5,0.25,Draw,Lose,Win,Draw,Win,15,19,11,0.38,Deportivo Alavés,0.28,0.11,0.44,https://footystats.org//spain/deportivo-alaves-vs-real-betis-balompie-h2h-stats#632544,2.8,3.25,2.6,Draw,19
Win,Lose,Win,Draw,Draw,12,8,15,0.17,CA Osasuna,0.28,0.22,0.33,0.33,Draw,Draw,Lose,Lose,Win,18,17,19,0.5,Celta de Vigo,0.17,0.11,0.22,https://footystats.org//spain/real-club-celta-de-vigo-vs-ca-osasuna-h2h-stats#632546,3.75,3.4,2.05,Draw,19
Win,Lose,Lose,Lose,Lose,9,12,8,0.0,Granada CF,0.41,0.25,0.56,0.33,Lose,Lose,Lose,Win,Lose,16,15,18,0.67,SD Eibar,0.24,0.11,0.38,https://footystats.org//spain/sd-eibar-vs-granada-cf-h2h-stats#632536,3.8,3.25,2.1,Home,18
Win,Lose,Draw,Win,Win,3,1,12,0.5,Sevilla FC,0.53,0.56,0.5,0.3,Lose,Win,Draw,Win,Win,17,20,13,0.2,RCD Mallorca,0.24,0.0,0.44,https://footystats.org//spain/real-club-deportivo-mallorca-vs-sevilla-fc-h2h-stats#632539,1.66,4.0,5.0,Away,18
Lose,Lose,Win,Lose,Lose,14,18,9,0.14,Deportivo Alavés,0.29,0.13,0.44,0.0,Draw,Win,Win,Win,Draw,1,3,1,0.86,FC Barcelona,0.65,0.44,0.88,https://footystats.org//spain/fc-barcelona-vs-deportivo-alaves-h2h-stats#632534,21.0,9.0,1.12,Home,18
Win,Win,Win,Draw,Lose,4,5,4,0.35,Getafe CF,0.47,0.38,0.56,0.2,Draw,Lose,Draw,Win,Win,13,9,14,0.45,Villarreal,0.35,0.33,0.38,https://footystats.org//spain/villarreal-cf-vs-getafe-club-de-futbol-h2h-stats#632542,3.5,3.25,2.2,Home,18
Win,Win,Lose,Win,Lose,8,8,6,0.5,Valencia CF,0.41,0.38,0.44,0.4,Draw,Lose,Win,Win,Draw,15,11,17,0.1,Real Valladolid,0.24,0.2,0.29,https://footystats.org//spain/real-valladolid-club-de-futbol-vs-valencia-cf-h2h-stats#632543,2.15,3.4,3.5,Draw,18
Lose,Win,Lose,Draw,Draw,16,14,17,0.1,SD Eibar,0.25,0.13,0.38,0.3,Win,Win,Win,Draw,Lose,6,12,3,0.6,Athletic Club Bilbao,0.44,0.13,0.75,https://footystats.org//spain/athletic-club-bilbao-vs-sd-eibar-h2h-stats#632525,5.5,3.75,1.66,Draw,17
Win,Draw,Draw,Lose,Draw,10,7,15,0.21,CA Osasuna,0.31,0.25,0.38,0.14,Win,Lose,Win,Win,Win,7,6,9,0.64,Atlético Madrid,0.38,0.25,0.5,https://footystats.org//spain/club-atletico-de-madrid-vs-ca-osasuna-h2h-stats#632526,10.0,4.33,1.4,Home,17
Draw,Lose,Lose,Draw,Win,14,10,16,0.29,Real Valladolid,0.25,0.22,0.29,0.35,Win,Win,Draw,Win,Lose,6,5,8,0.36,Getafe CF,0.44,0.38,0.5,https://footystats.org//spain/getafe-club-de-futbol-vs-real-valladolid-club-de-futbol-h2h-stats#632529,6.0,3.6,1.66,Home,17
Lose,Lose,Lose,Lose,Lose,17,20,13,0.5,RCD Mallorca,0.25,0.0,0.44,0.5,Draw,Lose,Lose,Win,Draw,18,16,18,0.0,Celta de Vigo,0.19,0.13,0.25,https://footystats.org//spain/real-club-celta-de-vigo-vs-real-club-deportivo-mallorca-h2h-stats#632527,5.0,3.8,1.7,Draw,17
Win,Draw,Lose,Lose,Lose,12,17,5,0.33,Real Betis,0.38,0.14,0.56,0.27,Lose,Lose,Draw,Win,Lose,20,12,20,0.39,RCD Espanyol,0.13,0.25,0.0,https://footystats.org//spain/reial-club-deportiu-espanyol-vs-real-betis-balompie-h2h-stats#632528,2.8,3.25,2.6,Draw,17
Lose,Lose,Lose,Win,Lose,13,15,14,0.23,Villarreal,0.31,0.25,0.38,0.27,Win,Win,Draw,Win,Win,3,1,11,0.5,Sevilla FC,0.56,0.56,0.57,https://footystats.org//spain/sevilla-fc-vs-villarreal-cf-h2h-stats#632532,5.0,4.0,1.66,Away,17
Win,Win,Win,Win,Lose,2,2,2,0.55,Real Madrid,0.67,0.57,0.75,0.27,Win,Draw,Win,Win,Draw,8,8,6,0.18,Valencia CF,0.44,0.38,0.5,https://footystats.org//spain/valencia-cf-vs-real-madrid-cf-h2h-stats#632533,1.9,3.8,3.8,Draw,17
Lose,Draw,Lose,Draw,Draw,6,5,6,0.35,Atlético Madrid,0.4,0.29,0.5,0.25,Lose,Draw,Win,Win,Win,13,13,14,0.4,Villarreal,0.33,0.25,0.43,https://footystats.org//spain/villarreal-cf-vs-club-atletico-de-madrid-h2h-stats#632522,2.15,3.3,3.6,Draw,16
Draw,Lose,Lose,Win,Win,19,10,20,0.04,RCD Espanyol,0.13,0.29,0.0,0.12,Draw,Win,Win,Draw,Win,2,2,3,0.83,Real Madrid,0.64,0.57,0.71,https://footystats.org//spain/real-madrid-cf-vs-reial-club-deportiu-espanyol-h2h-stats#632521,13.0,7.0,1.2,Home,16
Win,Lose,Lose,Lose,Lose,14,18,7,0.5,Deportivo Alavés,0.33,0.14,0.5,0.0,Draw,Lose,Win,Win,Win,10,9,14,0.5,Granada CF,0.4,0.25,0.57,https://footystats.org//spain/granada-cf-vs-deportivo-alaves-h2h-stats#632517,3.5,3.1,2.2,Home,16
Lose,Win,Lose,Draw,Draw,8,12,4,0.44,Valencia CF,0.4,0.29,0.5,0.31,Win,Win,Lose,Draw,Draw,11,15,8,0.25,Levante UD,0.4,0.25,0.57,https://footystats.org//spain/levante-ud-vs-valencia-cf-h2h-stats#632519,2.15,3.75,3.2,Away,16
Lose,Lose,Lose,Lose,Lose,17,20,11,0.1,RCD Mallorca,0.27,0.0,0.44,0.1,Win,Win,Draw,Win,Win,1,3,2,0.8,FC Barcelona,0.71,0.5,1.0,https://footystats.org//spain/fc-barcelona-vs-real-club-deportivo-mallorca-h2h-stats#632514,17.0,8.5,1.14,Home,16
Win,Draw,Lose,Win,Lose,8,8,6,0.4,Getafe CF,0.4,0.29,0.5,0.4,Lose,Lose,Win,Lose,Win,16,14,17,0.2,SD Eibar,0.27,0.13,0.43,https://footystats.org//spain/sd-eibar-vs-getafe-club-de-futbol-h2h-stats#632516,2.87,2.9,2.8,Away,16
Win,Draw,Lose,Lose,Draw,5,12,3,0.61,Athletic Club Bilbao,0.47,0.14,0.75,0.11,Win,Lose,Win,Draw,Win,13,17,10,0.28,Real Betis,0.33,0.14,0.5,https://footystats.org//spain/real-betis-balompie-vs-athletic-club-bilbao-h2h-stats#632515,3.3,3.2,2.3,Home,16
Lose,Win,Win,Lose,Win,4,4,13,0.38,Real Sociedad,0.53,0.5,0.57,0.5,Lose,Win,Win,Draw,Draw,14,9,16,0.13,Real Valladolid,0.27,0.22,0.33,https://footystats.org//spain/real-valladolid-club-de-futbol-vs-real-sociedad-de-futbol-h2h-stats#632523,2.37,3.2,3.2,Draw,16
Win,Lose,Lose,Lose,Lose,18,16,18,0.33,Celta de Vigo,0.2,0.14,0.25,0.33,Lose,Lose,Win,Lose,Draw,20,19,19,0.33,Leganés,0.07,0.0,0.13,https://footystats.org//spain/cd-leganes-vs-real-club-celta-de-vigo-h2h-stats#632518,3.3,3.1,2.37,Home,16
Win,Win,Win,Draw,Lose,3,1,9,0.64,Sevilla FC,0.6,0.63,0.57,0.21,Lose,Win,Win,Win,Draw,10,6,15,0.14,CA Osasuna,0.33,0.25,0.43,https://footystats.org//spain/ca-osasuna-vs-sevilla-fc-h2h-stats#632520,2.2,3.3,3.4,Draw,16
Lose,Lose,Draw,Win,Lose,14,9,16,0.25,Real Valladolid,0.29,0.25,0.33,0.25,Lose,Lose,Win,Draw,Lose,18,16,18,0.5,Celta de Vigo,0.21,0.14,0.29,https://footystats.org//spain/real-club-celta-de-vigo-vs-real-valladolid-club-de-futbol-h2h-stats#632507,5.0,3.6,1.75,Draw,15
Win,Win,Lose,Draw,Win,2,3,2,0.83,Real Madrid,0.62,0.5,0.71,0.0,Win,Draw,Win,Win,Lose,13,17,5,0.17,Deportivo Alavés,0.36,0.14,0.57,https://footystats.org//spain/deportivo-alaves-vs-real-madrid-cf-h2h-stats#632504,1.5,4.33,6.5,Away,15
Win,Lose,Draw,Draw,Lose,16,14,17,0.4,SD Eibar,0.29,0.14,0.43,0.3,Draw,Lose,Win,Lose,Win,6,2,15,0.3,Real Sociedad,0.5,0.5,0.5,https://footystats.org//spain/real-sociedad-de-futbol-vs-sd-eibar-h2h-stats#632511,5.0,3.75,1.72,Home,15
Draw,Lose,Lose,Lose,Draw,15,19,7,0.5,Real Betis,0.29,0.0,0.5,0.12,Win,Draw,Win,Win,Lose,17,20,8,0.38,RCD Mallorca,0.29,0.0,0.5,https://footystats.org//spain/real-club-deportivo-mallorca-vs-real-betis-balompie-h2h-stats#632510,2.7,3.3,2.62,Away,15
Lose,Lose,Win,Lose,Lose,12,13,11,0.36,Villarreal,0.36,0.29,0.43,0.22,Draw,Win,Win,Draw,Win,10,12,9,0.41,Valencia CF,0.36,0.29,0.43,https://footystats.org//spain/valencia-cf-vs-villarreal-cf-h2h-stats#632513,2.9,3.4,2.4,Home,15
Draw,Lose,Lose,Lose,Draw,20,19,19,0.25,Leganés,0.07,0.0,0.13,0.37,Win,Draw,Win,Win,Win,3,1,15,0.38,Sevilla FC,0.57,0.63,0.5,https://footystats.org//spain/sevilla-fc-vs-cd-leganes-h2h-stats#632512,6.0,4.0,1.57,Home,15
Lose,Lose,Lose,Draw,Win,8,8,10,0.33,Granada CF,0.43,0.29,0.57,0.25,Win,Win,Draw,Lose,Win,5,11,3,0.42,Athletic Club Bilbao,0.43,0.14,0.71,https://footystats.org//spain/athletic-club-bilbao-vs-granada-cf-h2h-stats#632505,6.0,3.4,1.7,Home,15
Draw,Draw,Lose,Draw,Lose,11,10,13,0.5,CA Osasuna,0.29,0.14,0.43,0.07,Draw,Win,Lose,Lose,Lose,19,9,20,0.43,RCD Espanyol,0.14,0.29,0.0,https://footystats.org//spain/reial-club-deportiu-espanyol-vs-ca-osasuna-h2h-stats#632508,3.6,3.1,2.15,Away,15
Lose,Win,Lose,Win,Lose,10,14,7,0.33,Levante UD,0.43,0.29,0.57,0.38,Draw,Win,Lose,Win,Lose,8,6,14,0.28,Getafe CF,0.36,0.29,0.43,https://footystats.org//spain/getafe-club-de-futbol-vs-levante-ud-h2h-stats#632509,5.5,3.8,1.66,Home,15
Win,Lose,Win,Win,Win,2,4,1,0.65,FC Barcelona,0.69,0.43,1.0,0.22,Win,Win,Win,Draw,Draw,5,5,5,0.13,Atlético Madrid,0.43,0.29,0.57,https://footystats.org//spain/club-atletico-de-madrid-vs-fc-barcelona-h2h-stats#632506,2.6,3.3,2.75,Away,15
Lose,Lose,Lose,Lose,Lose,16,20,6,0.25,RCD Mallorca,0.31,0.0,0.5,0.5,Win,Lose,Draw,Draw,Win,12,14,12,0.25,Levante UD,0.38,0.29,0.5,https://footystats.org//spain/levante-ud-vs-real-club-deportivo-mallorca-h2h-stats#632499,4.5,3.75,1.75,Home,14
Lose,Win,Win,Win,Lose,1,9,1,0.83,FC Barcelona,0.67,0.33,1.0,0.0,Lose,Win,Lose,Draw,Lose,20,17,19,0.17,Leganés,0.08,0.0,0.14,https://footystats.org//spain/cd-leganes-vs-fc-barcelona-h2h-stats#632498,1.44,4.75,7.0,Away,14
Win,Lose,Draw,Draw,Win,9,11,8,0.5,Valencia CF,0.38,0.33,0.43,0.22,Lose,Win,Draw,Win,Draw,17,18,14,0.28,Real Betis,0.23,0.0,0.43,https://footystats.org//spain/real-betis-balompie-vs-valencia-cf-h2h-stats#632494,2.9,3.4,2.4,Home,14
Lose,Draw,Draw,Draw,Win,3,4,3,0.83,Atlético Madrid,0.46,0.33,0.57,0.16,Lose,Win,Win,Win,Win,8,5,12,0.0,Granada CF,0.46,0.29,0.67,https://footystats.org//spain/granada-cf-vs-club-atletico-de-madrid-h2h-stats#632497,1.9,3.1,5.0,Draw,14
Win,Win,Lose,Win,Lose,5,1,15,0.17,Real Sociedad,0.54,0.57,0.5,0.05,Win,Draw,Win,Win,Draw,2,3,4,0.78,Real Madrid,0.58,0.5,0.67,https://footystats.org//spain/real-madrid-cf-vs-real-sociedad-de-futbol-h2h-stats#632501,7.5,5.5,1.36,Home,14
Lose,Win,Lose,Win,Win,8,7,13,0.36,Getafe CF,0.38,0.33,0.43,0.31,Win,Lose,Lose,Lose,Lose,19,8,20,0.32,RCD Espanyol,0.15,0.29,0.0,https://footystats.org//spain/reial-club-deportiu-espanyol-vs-getafe-club-de-futbol-h2h-stats#632496,2.8,2.9,2.87,Draw,14
Draw,Lose,Lose,Draw,Draw,7,15,3,0.67,Athletic Club Bilbao,0.38,0.0,0.71,0.2,Win,Win,Win,Draw,Draw,11,10,12,0.13,CA Osasuna,0.31,0.14,0.5,https://footystats.org//spain/ca-osasuna-vs-athletic-club-bilbao-h2h-stats#632500,3.0,3.0,2.6,Away,14
Lose,Lose,Lose,Lose,Lose,15,19,5,0.27,Deportivo Alavés,0.31,0.0,0.57,0.27,Lose,Win,Lose,Win,Win,16,13,17,0.45,SD Eibar,0.31,0.14,0.5,https://footystats.org//spain/sd-eibar-vs-deportivo-alaves-h2h-stats#632495,4.5,3.5,1.85,Away,14
Lose,Lose,Lose,Lose,Draw,18,16,18,0.36,Celta de Vigo,0.15,0.0,0.29,0.21,Draw,Win,Win,Win,Draw,12,12,11,0.43,Villarreal,0.38,0.29,0.5,https://footystats.org//spain/villarreal-cf-vs-real-club-celta-de-vigo-h2h-stats#632502,4.33,3.8,1.8,Away,14
Win,Win,Draw,Lose,Lose,4,2,14,0.4,Sevilla FC,0.54,0.57,0.5,0.3,Win,Win,Draw,Draw,Draw,13,9,16,0.3,Real Valladolid,0.31,0.25,0.4,https://footystats.org//spain/real-valladolid-club-de-futbol-vs-sevilla-fc-h2h-stats#632503,1.9,3.5,4.0,Away,14
Lose,Lose,Lose,Draw,Lose,20,18,19,0.17,Leganés,0.08,0.0,0.14,0.33,Lose,Win,Lose,Win,Win,3,1,15,0.5,Real Sociedad,0.58,0.57,0.6,https://footystats.org//spain/real-sociedad-de-futbol-vs-cd-leganes-h2h-stats#632492,5.0,3.4,1.8,Draw,13
Lose,Draw,Win,Lose,Lose,12,8,16,0.33,Real Valladolid,0.33,0.29,0.4,0.16,Draw,Win,Win,Lose,Draw,16,19,10,0.5,Deportivo Alavés,0.25,0.0,0.5,https://footystats.org//spain/deportivo-alaves-vs-real-valladolid-club-de-futbol-h2h-stats#632484,3.4,3.0,2.4,Home,13
Lose,Lose,Draw,Win,Win,6,5,7,0.0,Granada CF,0.5,0.33,0.67,0.14,Win,Draw,Win,Lose,Draw,13,10,15,0.86,Valencia CF,0.33,0.33,0.33,https://footystats.org//spain/valencia-cf-vs-granada-cf-h2h-stats#632493,6.0,3.7,1.61,Home,13
Win,Lose,Draw,Win,Lose,3,4,2,0.8,Real Madrid,0.55,0.4,0.67,0.1,Win,Lose,Win,Win,Lose,14,14,17,0.1,SD Eibar,0.33,0.14,0.6,https://footystats.org//spain/sd-eibar-vs-real-madrid-cf-h2h-stats#632489,1.6,4.33,5.25,Away,13
Lose,Lose,Lose,Draw,Draw,18,16,18,0.25,Celta de Vigo,0.17,0.0,0.29,0.25,Draw,Win,Win,Win,Win,2,9,1,0.5,FC Barcelona,0.64,0.33,1.0,https://footystats.org//spain/fc-barcelona-vs-real-club-celta-de-vigo-h2h-stats#632487,13.0,7.5,1.2,Home,13
Lose,Win,Lose,Lose,Win,9,11,6,0.5,Villarreal,0.42,0.33,0.5,0.25,Draw,Win,Win,Lose,Draw,17,20,14,0.25,RCD Mallorca,0.25,0.0,0.43,https://footystats.org//spain/real-club-deportivo-mallorca-vs-villarreal-cf-h2h-stats#632491,2.15,3.25,3.6,Home,13
Win,Lose,Win,Lose,Lose,12,13,11,0.31,Levante UD,0.42,0.33,0.5,0.06,Win,Draw,Lose,Win,Win,11,15,4,0.63,Athletic Club Bilbao,0.33,0.0,0.67,https://footystats.org//spain/athletic-club-bilbao-vs-levante-ud-h2h-stats#632485,5.5,3.75,1.66,Home,13
Lose,Win,Win,Lose,Win,19,7,20,0.32,RCD Espanyol,0.17,0.33,0.0,0.13,Win,Win,Draw,Draw,Draw,4,4,8,0.55,Atlético Madrid,0.42,0.33,0.5,https://footystats.org//spain/club-atletico-de-madrid-vs-reial-club-deportiu-espanyol-h2h-stats#632486,8.5,4.0,1.45,Home,13
Draw,Lose,Draw,Lose,Draw,10,12,7,0.29,CA Osasuna,0.33,0.17,0.5,0.42,Win,Lose,Win,Lose,Win,8,6,10,0.29,Getafe CF,0.42,0.33,0.5,https://footystats.org//spain/getafe-club-de-futbol-vs-ca-osasuna-h2h-stats#632490,4.33,3.3,1.95,Draw,13
Win,Draw,Lose,Lose,Win,5,3,13,0.5,Sevilla FC,0.5,0.5,0.5,0.25,Win,Draw,Win,Draw,Win,16,18,12,0.25,Real Betis,0.25,0.0,0.5,https://footystats.org//spain/real-betis-balompie-vs-sevilla-fc-h2h-stats#632488,2.1,3.4,3.6,Away,13
Lose,Draw,Draw,Win,Win,12,13,11,0.58,Valencia CF,0.27,0.2,0.33,0.16,Lose,Lose,Lose,Draw,Lose,19,6,20,0.25,RCD Espanyol,0.18,0.33,0.0,https://footystats.org//spain/reial-club-deportiu-espanyol-vs-valencia-cf-h2h-stats#632475,2.62,3.3,2.7,Away,12
Win,Lose,Win,Lose,Win,6,1,14,0.5,Real Sociedad,0.55,0.5,0.6,0.33,Win,Win,Win,Win,Lose,5,5,5,0.17,Granada CF,0.55,0.33,0.8,https://footystats.org//spain/granada-cf-vs-real-sociedad-de-futbol-h2h-stats#632476,2.45,3.2,3.1,Away,12
Draw,Win,Win,Lose,Win,4,8,2,0.67,Atlético Madrid,0.5,0.5,0.5,0.33,Win,Win,Lose,Draw,Win,14,18,7,0.0,Deportivo Alavés,0.3,0.0,0.6,https://footystats.org//spain/deportivo-alaves-vs-club-atletico-de-madrid-h2h-stats#632464,1.65,3.5,6.0,Draw,11
Draw,Win,Lose,Lose,Draw,9,6,17,0.1,Real Valladolid,0.3,0.33,0.25,0.0,Win,Win,Win,Win,Win,2,7,1,0.9,FC Barcelona,0.67,0.4,1.0,https://footystats.org//spain/fc-barcelona-vs-real-valladolid-club-de-futbol-h2h-stats#632466,17.0,9.5,1.12,Home,11
Lose,Win,Lose,Lose,Lose,14,14,15,0.35,Levante UD,0.3,0.2,0.4,0.41,Win,Lose,Win,Win,Win,4,1,10,0.24,Real Sociedad,0.6,0.5,0.75,https://footystats.org//spain/real-sociedad-de-futbol-vs-levante-ud-h2h-stats#632472,6.5,4.5,1.5,Away,11
Lose,Lose,Win,Win,Win,5,2,8,0.38,Sevilla FC,0.6,0.6,0.6,0.2,Win,Lose,Draw,Draw,Win,12,12,11,0.42,Valencia CF,0.3,0.2,0.4,https://footystats.org//spain/valencia-cf-vs-sevilla-fc-h2h-stats#632473,2.5,3.4,2.8,Draw,11
Win,Win,Lose,Win,Draw,19,6,20,0.46,RCD Espanyol,0.2,0.4,0.0,0.29,Draw,Lose,Win,Win,Win,10,13,7,0.25,Athletic Club Bilbao,0.3,0.0,0.6,https://footystats.org//spain/athletic-club-bilbao-vs-reial-club-deportiu-espanyol-h2h-stats#632465,4.5,3.25,1.9,Home,11
Lose,Lose,Draw,Draw,Lose,17,16,16,0.23,Celta de Vigo,0.2,0.0,0.33,0.38,Draw,Win,Draw,Win,Lose,18,19,14,0.38,Real Betis,0.2,0.0,0.4,https://footystats.org//spain/real-betis-balompie-vs-real-club-celta-de-vigo-h2h-stats#632467,3.75,3.5,2.0,Home,11
Lose,Lose,Draw,Lose,Lose,20,17,19,0.2,Leganés,0.1,0.0,0.17,0.1,Win,Draw,Win,Win,Draw,6,4,6,0.7,Real Madrid,0.56,0.4,0.75,https://footystats.org//spain/real-madrid-cf-vs-cd-leganes-h2h-stats#632471,12.0,6.0,1.25,Home,11
Win,Lose,Lose,Win,Lose,7,9,6,0.4,Villarreal,0.5,0.4,0.6,0.3,Lose,Win,Win,Lose,Draw,17,15,18,0.3,SD Eibar,0.2,0.0,0.5,https://footystats.org//spain/sd-eibar-vs-villarreal-cf-h2h-stats#632468,2.5,3.5,2.62,Home,11
Lose,Draw,Lose,Draw,Win,9,12,13,0.25,CA Osasuna,0.3,0.2,0.4,0.43,Win,Win,Lose,Draw,Lose,16,20,11,0.31,RCD Mallorca,0.3,0.0,0.5,https://footystats.org//spain/real-club-deportivo-mallorca-vs-ca-osasuna-h2h-stats#632470,3.1,3.0,2.45,Draw,11
Lose,Draw,Win,Win,Draw,3,3,5,0.5,Granada CF,0.6,0.4,0.8,0.3,Lose,Win,Lose,Win,Win,13,11,14,0.2,Getafe CF,0.3,0.2,0.4,https://footystats.org//spain/getafe-club-de-futbol-vs-granada-cf-h2h-stats#632469,4.33,3.3,1.9,Home,11
Lose,Lose,Lose,Draw,Lose,14,18,4,0.83,Deportivo Alavés,0.33,0.0,0.6,0.0,Win,Win,Draw,Draw,Win,7,8,10,0.17,Villarreal,0.44,0.4,0.5,https://footystats.org//spain/villarreal-cf-vs-deportivo-alaves-h2h-stats#632462,6.5,4.2,1.5,Home,10
Lose,Lose,Lose,Lose,Lose,15,20,6,0.25,RCD Mallorca,0.33,0.0,0.5,0.25,Lose,Draw,Lose,Lose,Lose,20,17,19,0.5,Leganés,0.0,0.0,0.0,https://footystats.org//spain/cd-leganes-vs-real-club-deportivo-mallorca-h2h-stats#632458,4.75,3.4,1.8,Home,10
Draw,Draw,Lose,Draw,Lose,16,14,17,0.0,SD Eibar,0.22,0.0,0.5,0.5,Draw,Draw,Draw,Lose,Win,12,4,18,0.5,Real Valladolid,0.22,0.33,0.0,https://footystats.org//spain/real-valladolid-club-de-futbol-vs-sd-eibar-h2h-stats#632463,3.2,3.1,2.4,Home,10
Lose,Draw,Draw,Draw,Lose,8,13,4,0.24,Athletic Club Bilbao,0.33,0.0,0.6,0.08,Win,Draw,Draw,Draw,Draw,6,6,10,0.68,Atlético Madrid,0.44,0.5,0.4,https://footystats.org//spain/club-atletico-de-madrid-vs-athletic-club-bilbao-h2h-stats#632454,5.75,3.5,1.7,Home,10
Lose,Win,Lose,Win,Draw,6,7,8,0.39,Real Sociedad,0.56,0.4,0.75,0.33,Win,Draw,Lose,Win,Lose,17,16,15,0.28,Celta de Vigo,0.22,0.0,0.4,https://footystats.org//spain/real-club-celta-de-vigo-vs-real-sociedad-de-futbol-h2h-stats#632456,2.45,3.25,3.0,Away,10
Lose,Lose,Draw,Lose,Win,18,18,13,0.36,Real Betis,0.22,0.0,0.4,0.27,Win,Win,Win,Lose,Win,5,2,10,0.36,Granada CF,0.56,0.4,0.75,https://footystats.org//spain/granada-cf-vs-real-betis-balompie-h2h-stats#632457,3.0,3.2,2.45,Home,10
Win,Lose,Win,Draw,Win,20,10,20,0.3,RCD Espanyol,0.11,0.25,0.0,0.35,Draw,Draw,Win,Win,Draw,12,14,11,0.35,Levante UD,0.33,0.2,0.5,https://footystats.org//spain/levante-ud-vs-reial-club-deportiu-espanyol-h2h-stats#632459,3.5,3.5,2.1,Away,10
Win,Win,Draw,Draw,Lose,9,9,12,0.5,Getafe CF,0.33,0.25,0.4,0.13,Win,Win,Win,Win,Lose,7,1,14,0.36,Sevilla FC,0.56,0.6,0.5,https://footystats.org//spain/sevilla-fc-vs-getafe-club-de-futbol-h2h-stats#632461,6.0,3.3,1.72,Home,10
Draw,Draw,Win,Win,Lose,11,12,9,0.57,Valencia CF,0.33,0.25,0.4,0.28,Win,Draw,Draw,Draw,Win,13,11,17,0.14,CA Osasuna,0.22,0.2,0.25,https://footystats.org//spain/ca-osasuna-vs-valencia-cf-h2h-stats#632460,2.62,3.1,2.87,Home,10
Draw,Win,Win,Win,Win,2,2,2,0.18,Real Madrid,0.63,0.5,0.75,0.21,Win,Win,Win,Draw,Win,1,3,1,0.61,FC Barcelona,0.69,0.44,1.0,https://footystats.org//spain/fc-barcelona-vs-real-madrid-cf-h2h-stats#632455,4.33,4.2,1.72,Draw,10
Draw,Lose,Draw,Win,Win,11,8,15,0.29,CA Osasuna,0.25,0.25,0.25,0.35,Win,Win,Lose,Win,Draw,4,2,14,0.36,Granada CF,0.5,0.4,0.67,https://footystats.org//spain/granada-cf-vs-ca-osasuna-h2h-stats#632450,3.3,3.0,2.4,Home,9
Win,Lose,Draw,Draw,Lose,3,10,1,0.9,FC Barcelona,0.63,0.25,1.0,0.1,Win,Win,Lose,Draw,Win,14,13,14,0.0,SD Eibar,0.25,0.0,0.67,https://footystats.org//spain/sd-eibar-vs-fc-barcelona-h2h-stats#632447,1.5,4.5,6.0,Away,9
Win,Win,Lose,Lose,Win,8,15,4,0.19,Valencia CF,0.38,0.33,0.4,0.3,Draw,Draw,Draw,Win,Win,4,4,9,0.5,Atlético Madrid,0.5,0.5,0.5,https://footystats.org//spain/club-atletico-de-madrid-vs-valencia-cf-h2h-stats#632446,6.0,3.75,1.57,Draw,9
Lose,Draw,Lose,Lose,Win,20,17,19,0.25,Leganés,0.0,0.0,0.0,0.5,Lose,Win,Win,Draw,Draw,12,7,16,0.25,Getafe CF,0.25,0.25,0.25,https://footystats.org//spain/getafe-club-de-futbol-vs-cd-leganes-h2h-stats#632449,5.25,3.1,1.85,Home,9
Draw,Win,Lose,Draw,Win,1,3,2,0.8,Real Madrid,0.63,0.5,0.75,0.1,Win,Lose,Draw,Lose,Win,18,20,11,0.1,RCD Mallorca,0.25,0.0,0.4,https://footystats.org//spain/real-club-deportivo-mallorca-vs-real-madrid-cf-h2h-stats#632451,1.53,4.0,6.5,Home,9
Lose,Draw,Draw,Lose,Draw,16,16,13,0.25,Celta de Vigo,0.25,0.0,0.4,0.25,Win,Lose,Draw,Win,Win,18,18,12,0.5,Deportivo Alavés,0.25,0.0,0.5,https://footystats.org//spain/deportivo-alaves-vs-real-club-celta-de-vigo-h2h-stats#632444,2.62,3.0,2.9,Home,9
Lose,Draw,Lose,Win,Lose,17,19,11,0.18,Real Betis,0.25,0.0,0.4,0.35,Lose,Win,Win,Win,Win,5,6,14,0.47,Real Sociedad,0.5,0.4,0.67,https://footystats.org//spain/real-sociedad-de-futbol-vs-real-betis-balompie-h2h-stats#632452,4.33,3.9,1.75,Home,9
Lose,Lose,Win,Lose,Draw,10,12,8,0.32,Villarreal,0.38,0.25,0.5,0.54,Lose,Lose,Draw,Lose,Win,19,9,20,0.14,RCD Espanyol,0.13,0.25,0.0,https://footystats.org//spain/reial-club-deportiu-espanyol-vs-villarreal-cf-h2h-stats#632448,2.37,3.3,3.0,Away,9
Win,Lose,Lose,Draw,Win,13,7,18,0.2,Real Valladolid,0.25,0.4,0.0,0.3,Lose,Win,Win,Win,Win,9,13,4,0.5,Athletic Club Bilbao,0.38,0.0,0.75,https://footystats.org//spain/athletic-club-bilbao-vs-real-valladolid-club-de-futbol-h2h-stats#632445,6.5,3.4,1.66,Draw,9
Win,Lose,Lose,Lose,Win,11,15,9,0.25,Levante UD,0.38,0.25,0.5,0.37,Win,Win,Lose,Draw,Win,8,1,17,0.38,Sevilla FC,0.5,0.6,0.33,https://footystats.org//spain/sevilla-fc-vs-levante-ud-h2h-stats#632453,9.0,5.5,1.33,Home,9
Draw,Lose,Draw,Lose,Lose,11,14,11,0.5,SD Eibar,0.29,0.0,0.67,0.25,Win,Draw,Win,Lose,Win,15,18,7,0.25,Real Betis,0.29,0.0,0.5,https://footystats.org//spain/real-betis-balompie-vs-sd-eibar-h2h-stats#632435,3.7,3.6,2.0,Draw,8
Lose,Lose,Lose,Win,Lose,13,19,4,0.5,Levante UD,0.29,0.0,0.5,0.25,Draw,Lose,Lose,Lose,Lose,20,16,19,0.25,Leganés,0.0,0.0,0.0,https://footystats.org//spain/cd-leganes-vs-levante-ud-h2h-stats#632437,3.8,3.5,2.0,Away,8
Draw,Win,Win,Draw,Draw,2,2,12,0.08,Granada CF,0.57,0.5,0.67,0.0,Draw,Win,Win,Draw,Lose,1,3,7,0.92,Real Madrid,0.57,0.5,0.67,https://footystats.org//spain/real-madrid-cf-vs-granada-cf-h2h-stats#632440,10.0,5.75,1.28,Home,8
Lose,Lose,Draw,Lose,Draw,15,17,8,0.38,Deportivo Alavés,0.29,0.0,0.5,0.0,Lose,Draw,Draw,Win,Draw,10,13,10,0.63,Valencia CF,0.29,0.33,0.25,https://footystats.org//spain/valencia-cf-vs-deportivo-alaves-h2h-stats#632442,6.5,4.33,1.5,Home,8
Lose,Win,Lose,Draw,Lose,8,10,3,0.42,Villarreal,0.43,0.33,0.5,0.33,Draw,Draw,Draw,Win,Win,14,8,17,0.25,CA Osasuna,0.14,0.25,0.0,https://footystats.org//spain/ca-osasuna-vs-villarreal-cf-h2h-stats#632439,2.4,3.3,3.0,Home,8
Win,Draw,Win,Draw,Draw,18,7,20,0.3,RCD Espanyol,0.14,0.33,0.0,0.2,Lose,Draw,Lose,Win,Win,19,20,16,0.5,RCD Mallorca,0.14,0.0,0.25,https://footystats.org//spain/real-club-deportivo-mallorca-vs-reial-club-deportiu-espanyol-h2h-stats#632438,3.0,3.25,2.45,Home,8
Draw,Draw,Draw,Lose,Lose,7,11,3,0.61,Athletic Club Bilbao,0.43,0.0,0.75,0.22,Draw,Lose,Win,Lose,Draw,17,16,17,0.17,Celta de Vigo,0.14,0.0,0.25,https://footystats.org//spain/real-club-celta-de-vigo-vs-athletic-club-bilbao-h2h-stats#632436,2.87,3.0,2.7,Home,8
Win,Win,Lose,Win,Win,3,6,8,0.8,Atlético Madrid,0.57,0.67,0.5,0.0,Draw,Draw,Lose,Win,Win,13,5,18,0.2,Real Valladolid,0.29,0.4,0.0,https://footystats.org//spain/real-valladolid-club-de-futbol-vs-club-atletico-de-madrid-h2h-stats#632443,1.72,3.5,5.5,Draw,8
Win,Draw,Draw,Lose,Lose,16,15,14,0.44,Getafe CF,0.14,0.0,0.25,0.31,Win,Win,Win,Win,Lose,5,4,10,0.25,Real Sociedad,0.57,0.4,1.0,https://footystats.org//spain/real-sociedad-de-futbol-vs-getafe-club-de-futbol-h2h-stats#632441,4.33,3.4,1.9,Away,8
Lose,Win,Win,Win,Win,6,1,15,0.1,Sevilla FC,0.57,0.75,0.33,0.13,Win,Win,Win,Win,Lose,4,9,2,0.77,FC Barcelona,0.57,0.25,1.0,https://footystats.org//spain/fc-barcelona-vs-sevilla-fc-h2h-stats#632434,7.0,4.2,1.5,Home,8
Draw,Lose,Win,Lose,Lose,9,16,5,0.29,Real Betis,0.33,0.0,0.5,0.28,Win,Draw,Draw,Win,Draw,8,9,9,0.43,Villarreal,0.33,0.33,0.33,https://footystats.org//spain/villarreal-cf-vs-real-betis-balompie-h2h-stats#632433,4.1,3.8,1.83,Home,7
Win,Lose,Lose,Win,Win,13,20,9,0.45,Valencia CF,0.17,0.0,0.25,0.31,Win,Win,Win,Win,Draw,4,10,2,0.23,Athletic Club Bilbao,0.5,0.0,1.0,https://footystats.org//spain/athletic-club-bilbao-vs-valencia-cf-h2h-stats#632425,3.5,3.2,2.2,Away,7
Lose,Draw,Draw,Lose,Draw,7,15,1,0.77,FC Barcelona,0.5,0.0,1.0,0.18,Win,Win,Draw,Draw,Draw,10,12,10,0.05,Getafe CF,0.17,0.0,0.33,https://footystats.org//spain/getafe-club-de-futbol-vs-fc-barcelona-h2h-stats#632429,1.85,3.4,4.33,Away,7
Draw,Lose,Lose,Win,Lose,20,14,19,0.75,Leganés,0.0,0.0,0.0,0.0,Win,Lose,Win,Draw,Win,6,2,14,0.25,Granada CF,0.5,0.5,0.5,https://footystats.org//spain/granada-cf-vs-cd-leganes-h2h-stats#632430,3.2,3.1,2.4,Home,7
Win,Lose,Draw,Win,Lose,1,3,4,0.47,Real Madrid,0.67,0.67,0.67,0.29,Draw,Draw,Win,Win,Win,3,5,7,0.24,Atlético Madrid,0.67,0.67,0.67,https://footystats.org//spain/club-atletico-de-madrid-vs-real-madrid-cf-h2h-stats#632426,3.0,3.3,2.4,Draw,7
Lose,Lose,Draw,Win,Win,14,9,17,0.1,Real Valladolid,0.17,0.25,0.0,0.6,Lose,Draw,Lose,Win,Lose,18,6,20,0.3,RCD Espanyol,0.17,0.33,0.0,https://footystats.org//spain/reial-club-deportiu-espanyol-vs-real-valladolid-club-de-futbol-h2h-stats#632428,4.2,3.3,1.95,Away,7
Draw,Draw,Lose,Draw,Draw,15,13,14,0.58,Celta de Vigo,0.17,0.0,0.25,0.08,Win,Lose,Draw,Win,Lose,16,15,15,0.33,SD Eibar,0.17,0.0,0.5,https://footystats.org//spain/sd-eibar-vs-real-club-celta-de-vigo-h2h-stats#632427,3.25,3.3,2.25,Home,7
Lose,Lose,Lose,Lose,Draw,19,20,13,0.33,RCD Mallorca,0.17,0.0,0.25,0.16,Lose,Draw,Win,Win,Lose,17,17,12,0.5,Deportivo Alavés,0.17,0.0,0.33,https://footystats.org//spain/deportivo-alaves-vs-real-club-deportivo-mallorca-h2h-stats#632424,3.5,3.2,2.2,Home,7
Lose,Draw,Win,Win,Draw,13,8,16,0.5,CA Osasuna,0.17,0.33,0.0,0.12,Draw,Win,Win,Draw,Win,12,19,6,0.38,Levante UD,0.33,0.0,0.67,https://footystats.org//spain/levante-ud-vs-ca-osasuna-h2h-stats#632431,3.4,3.5,2.15,Draw,7
Win,Lose,Win,Draw,Lose,5,4,8,0.39,Real Sociedad,0.67,0.5,1.0,0.16,Lose,Draw,Win,Lose,Win,8,1,18,0.44,Sevilla FC,0.5,0.75,0.0,https://footystats.org//spain/sevilla-fc-vs-real-sociedad-de-futbol-h2h-stats#632432,4.5,3.5,1.85,Home,7
Win,Win,Draw,Draw,Win,3,2,13,0.5,Granada CF,0.6,0.67,0.5,0.16,Draw,Lose,Win,Win,Draw,15,7,16,0.33,Real Valladolid,0.2,0.25,0.0,https://footystats.org//spain/real-valladolid-club-de-futbol-vs-granada-cf-h2h-stats#632423,3.3,3.3,2.25,Draw,6
Lose,Lose,Win,Lose,Lose,9,18,2,0.38,Levante UD,0.4,0.0,0.67,0.15,Draw,Win,Lose,Win,Draw,14,17,9,0.46,Real Betis,0.2,0.0,0.33,https://footystats.org//spain/real-betis-balompie-vs-levante-ud-h2h-stats#632415,3.8,3.6,1.95,Home,6
Win,Lose,Draw,Lose,Win,7,8,5,0.0,Villarreal,0.4,0.5,0.33,0.27,Win,Win,Lose,Win,Win,8,16,4,0.73,FC Barcelona,0.4,0.0,1.0,https://footystats.org//spain/fc-barcelona-vs-villarreal-cf-h2h-stats#632414,9.0,5.75,1.3,Home,6
Draw,Draw,Lose,Lose,Win,2,10,2,0.5,Athletic Club Bilbao,0.6,0.0,1.0,0.33,Lose,Lose,Lose,Lose,Draw,20,13,19,0.17,Leganés,0.0,0.0,0.0,https://footystats.org//spain/cd-leganes-vs-athletic-club-bilbao-h2h-stats#632418,2.7,3.0,2.87,Draw,6
Lose,Win,Win,Draw,Draw,7,9,5,0.3,Atlético Madrid,0.6,0.5,0.67,0.4,Draw,Lose,Win,Win,Win,17,19,10,0.3,RCD Mallorca,0.2,0.0,0.33,https://footystats.org//spain/real-club-deportivo-mallorca-vs-club-atletico-de-madrid-h2h-stats#632419,1.61,3.6,6.5,Away,6
Draw,Lose,Lose,Lose,Draw,12,14,7,0.27,Getafe CF,0.2,0.0,0.33,0.13,Draw,Win,Draw,Win,Lose,14,20,8,0.59,Valencia CF,0.2,0.0,0.33,https://footystats.org//spain/valencia-cf-vs-getafe-club-de-futbol-h2h-stats#632422,4.5,3.3,1.9,Draw,6
Draw,Win,Win,Draw,Draw,10,5,14,0.13,CA Osasuna,0.2,0.5,0.0,0.18,Win,Draw,Lose,Draw,Lose,3,3,9,0.69,Real Madrid,0.6,0.67,0.5,https://footystats.org//spain/real-madrid-cf-vs-ca-osasuna-h2h-stats#632420,13.0,7.0,1.2,Home,6
Lose,Draw,Lose,Draw,Lose,15,15,10,0.33,Deportivo Alavés,0.2,0.0,0.33,0.0,Win,Win,Win,Lose,Draw,6,4,12,0.67,Real Sociedad,0.6,0.5,1.0,https://footystats.org//spain/real-sociedad-de-futbol-vs-deportivo-alaves-h2h-stats#632421,5.5,4.0,1.6,Home,6
Lose,Win,Lose,Lose,Lose,15,19,7,0.5,Real Betis,0.25,0.0,0.33,0.16,Draw,Draw,Win,Win,Win,9,4,13,0.33,CA Osasuna,0.25,0.5,0.0,https://footystats.org//spain/ca-osasuna-vs-real-betis-balompie-h2h-stats#632410,3.25,3.3,2.25,Draw,5
Lose,Draw,Win,Win,Lose,12,6,15,0.38,Real Valladolid,0.25,0.33,0.0,0.25,Draw,Draw,Win,Draw,Win,10,8,13,0.38,Villarreal,0.25,0.5,0.0,https://footystats.org//spain/villarreal-cf-vs-real-valladolid-club-de-futbol-h2h-stats#632413,5.5,4.0,1.61,Home,5
Lose,Draw,Lose,Lose,Win,19,15,17,0.13,SD Eibar,0.0,0.0,0.0,0.62,Win,Win,Draw,Win,Win,9,18,2,0.25,Levante UD,0.5,0.0,1.0,https://footystats.org//spain/levante-ud-vs-sd-eibar-h2h-stats#632409,3.1,3.4,2.3,Draw,5
Draw,Lose,Draw,Draw,Lose,16,11,12,0.17,Celta de Vigo,0.25,0.0,0.33,0.16,Draw,Win,Win,Win,Draw,2,9,4,0.67,Atlético Madrid,0.75,0.5,1.0,https://footystats.org//spain/club-atletico-de-madrid-vs-real-club-celta-de-vigo-h2h-stats#632405,9.5,4.33,1.4,Draw,5
Draw,Draw,Lose,Draw,Lose,5,13,1,0.92,FC Barcelona,0.5,0.0,1.0,0.0,Lose,Win,Draw,Win,Win,6,2,18,0.08,Granada CF,0.5,0.67,0.0,https://footystats.org//spain/granada-cf-vs-fc-barcelona-h2h-stats#632408,1.3,5.5,10.0,Home,5
Lose,Lose,Lose,Draw,Lose,16,19,9,0.36,RCD Mallorca,0.25,0.0,0.33,0.14,Win,Draw,Draw,Draw,Win,18,14,15,0.5,Getafe CF,0.0,0.0,0.0,https://footystats.org//spain/getafe-club-de-futbol-vs-real-club-deportivo-mallorca-h2h-stats#632407,5.0,3.25,1.85,Home,5
Lose,Win,Draw,Lose,Win,10,6,11,0.39,Real Sociedad,0.5,0.33,1.0,0.27,Draw,Lose,Win,Lose,Win,17,5,20,0.33,RCD Espanyol,0.25,0.5,0.0,https://footystats.org//spain/reial-club-deportiu-espanyol-vs-real-sociedad-de-futbol-h2h-stats#632406,2.45,3.25,3.0,Away,5
Lose,Lose,Win,Lose,Draw,20,17,19,0.0,Leganés,0.0,0.0,0.0,0.25,Win,Draw,Win,Lose,Lose,15,20,6,0.75,Valencia CF,0.25,0.0,0.5,https://footystats.org//spain/valencia-cf-vs-cd-leganes-h2h-stats#632412,5.5,4.0,1.61,Draw,5
Draw,Lose,Draw,Lose,Lose,11,13,10,0.33,Deportivo Alavés,0.25,0.0,0.33,0.5,Win,Win,Win,Draw,Win,6,10,4,0.17,Athletic Club Bilbao,0.5,0.0,1.0,https://footystats.org//spain/athletic-club-bilbao-vs-deportivo-alaves-h2h-stats#632404,6.0,3.75,1.61,Home,5
Lose,Draw,Win,Lose,Lose,5,3,7,0.65,Real Madrid,0.5,0.5,0.5,0.03,Draw,Win,Lose,Win,Win,2,1,17,0.31,Sevilla FC,0.75,1.0,0.0,https://footystats.org//spain/sevilla-fc-vs-real-madrid-cf-h2h-stats#632411,2.45,3.8,2.62,Away,5
Draw,Lose,Lose,Win,Lose,2,8,2,0.5,Athletic Club Bilbao,0.67,0.0,1.0,0.2,Lose,Win,Win,Win,Draw,14,19,8,0.3,RCD Mallorca,0.33,0.0,0.5,https://footystats.org//spain/real-club-deportivo-mallorca-vs-athletic-club-bilbao-h2h-stats#726487,2.3,3.1,3.4,Draw,4
Lose,Win,Lose,Lose,Lose,4,17,1,0.13,Levante UD,0.67,0.0,1.0,0.18,Draw,Lose,Draw,Lose,Win,5,3,13,0.69,Real Madrid,0.33,0.5,0.0,https://footystats.org//spain/real-madrid-cf-vs-levante-ud-h2h-stats#726488,12.0,6.5,1.22,Home,4
Lose,Draw,Lose,Win,Lose,16,15,10,0.63,Villarreal,0.0,0.0,0.0,0.12,Lose,Lose,Lose,Draw,Lose,20,14,19,0.25,Leganés,0.0,0.0,0.0,https://footystats.org//spain/cd-leganes-vs-villarreal-cf-h2h-stats#726489,3.2,3.1,2.45,Away,4
Win,Win,Draw,Draw,Lose,1,6,3,0.72,Atlético Madrid,1.0,1.0,1.0,0.05,Win,Win,Lose,Draw,Win,13,5,15,0.22,Real Sociedad,0.33,0.33,0.0,https://footystats.org//spain/real-sociedad-de-futbol-vs-club-atletico-de-madrid-h2h-stats#726490,2.1,3.2,3.8,Home,4
Lose,Win,Win,Win,Lose,10,18,4,0.11,Valencia CF,0.33,0.0,0.5,0.33,Win,Lose,Win,Win,Win,8,12,7,0.56,FC Barcelona,0.33,0.0,1.0,https://footystats.org//spain/fc-barcelona-vs-valencia-cf-h2h-stats#726491,7.0,4.75,1.44,Home,4
Draw,Draw,Win,Win,Win,19,12,20,0.3,RCD Espanyol,0.0,0.0,0.0,0.2,Draw,Win,Lose,Win,Lose,18,14,17,0.5,SD Eibar,0.0,0.0,0.0,https://footystats.org//spain/sd-eibar-vs-reial-club-deportiu-espanyol-h2h-stats#632398,4.0,3.3,2.0,Away,4
Win,Win,Draw,Lose,Lose,5,1,15,0.5,Sevilla FC,0.67,1.0,0.0,0.33,Draw,Win,Win,Lose,Lose,10,11,7,0.17,Deportivo Alavés,0.33,0.0,0.5,https://footystats.org//spain/deportivo-alaves-vs-sevilla-fc-h2h-stats#632394,2.0,3.2,4.2,Away,4
Win,Draw,Draw,Win,Draw,11,2,18,0.1,Granada CF,0.33,0.5,0.0,0.3,Win,Lose,Draw,Win,Win,12,10,11,0.6,Celta de Vigo,0.33,0.0,0.5,https://footystats.org//spain/real-club-celta-de-vigo-vs-granada-cf-h2h-stats#632397,4.33,3.6,1.83,Away,4
Win,Win,Draw,Draw,Win,9,7,13,0.5,CA Osasuna,0.33,1.0,0.0,0.35,Lose,Win,Win,Draw,Lose,13,4,16,0.14,Real Valladolid,0.33,0.33,0.0,https://footystats.org//spain/real-valladolid-club-de-futbol-vs-ca-osasuna-h2h-stats#632403,3.75,3.1,2.15,Draw,4
Lose,Lose,Lose,Draw,Draw,17,16,14,0.36,Getafe CF,0.0,0.0,0.0,0.35,Win,Lose,Win,Draw,Lose,16,19,10,0.29,Real Betis,0.33,0.0,0.5,https://footystats.org//spain/real-betis-balompie-vs-getafe-club-de-futbol-h2h-stats#632396,3.6,3.1,2.2,Draw,4
Lose,Draw,Draw,Lose,Draw,12,11,7,0.38,Celta de Vigo,0.5,0.0,0.5,0.18,Win,Lose,Win,Win,Win,1,1,16,0.44,Sevilla FC,1.0,1.0,0.0,https://footystats.org//spain/sevilla-fc-vs-real-club-celta-de-vigo-h2h-stats#632384,6.0,4.2,1.53,Draw,3
Win,Draw,Lose,Win,Lose,6,3,13,0.44,Real Sociedad,0.5,0.5,0.0,0.27,Win,Win,Draw,Win,Win,5,8,4,0.28,Athletic Club Bilbao,0.5,0.0,1.0,https://footystats.org//spain/athletic-club-bilbao-vs-real-sociedad-de-futbol-h2h-stats#632385,3.4,3.1,2.3,Home,3
Lose,Draw,Lose,Lose,Win,10,16,3,0.71,FC Barcelona,0.5,0.0,1.0,0.14,Draw,Win,Win,Win,Win,6,6,13,0.14,CA Osasuna,0.5,1.0,0.0,https://footystats.org//spain/ca-osasuna-vs-fc-barcelona-h2h-stats#632386,1.33,5.0,10.0,Draw,3
Lose,Draw,Lose,Lose,Win,7,12,2,0.5,Deportivo Alavés,0.5,0.0,0.5,0.16,Draw,Draw,Win,Draw,Win,15,17,9,0.33,Getafe CF,0.0,0.0,0.0,https://footystats.org//spain/getafe-club-de-futbol-vs-deportivo-alaves-h2h-stats#632387,5.75,3.4,1.72,Draw,3
Draw,Win,Win,Lose,Draw,5,2,15,0.25,Real Valladolid,0.5,0.5,0.0,0.25,Win,Draw,Win,Win,Draw,11,18,4,0.5,Levante UD,0.5,0.0,1.0,https://footystats.org//spain/levante-ud-vs-real-valladolid-club-de-futbol-h2h-stats#632388,3.75,3.5,2.0,Home,3
Lose,Win,Lose,Draw,Win,19,13,19,0.63,Leganés,0.0,0.0,0.0,0.0,Lose,Win,Draw,Lose,Win,20,20,17,0.38,Real Betis,0.0,0.0,0.0,https://footystats.org//spain/real-betis-balompie-vs-cd-leganes-h2h-stats#632389,4.33,3.3,1.95,Home,3
Lose,Lose,Draw,Lose,Lose,12,14,7,0.4,RCD Mallorca,0.5,0.0,0.5,0.3,Draw,Win,Lose,Lose,Win,18,19,14,0.3,Valencia CF,0.0,0.0,0.0,https://footystats.org//spain/valencia-cf-vs-real-club-deportivo-mallorca-h2h-stats#632390,8.0,4.75,1.4,Home,3
Draw,Lose,Lose,Win,Lose,17,13,17,0.0,SD Eibar,0.0,0.0,0.0,0.25,Win,Win,Draw,Win,Win,4,5,5,0.75,Atlético Madrid,1.0,1.0,1.0,https://footystats.org//spain/club-atletico-de-madrid-vs-sd-eibar-h2h-stats#632391,10.0,4.0,1.4,Home,3
Draw,Draw,Win,Draw,Win,16,7,18,0.17,Granada CF,0.0,0.0,0.0,0.25,Win,Lose,Win,Win,Win,19,11,20,0.58,RCD Espanyol,0.0,0.0,0.0,https://footystats.org//spain/reial-club-deportiu-espanyol-vs-granada-cf-h2h-stats#632392,4.0,3.3,2.05,Away,3
Win,Lose,Lose,Lose,Draw,8,4,12,0.55,Real Madrid,0.5,1.0,0.0,0.3,Draw,Win,Draw,Win,Lose,15,16,11,0.15,Villarreal,0.0,0.0,0.0,https://footystats.org//spain/villarreal-cf-vs-real-madrid-cf-h2h-stats#632393,1.9,4.0,3.6,Draw,3
Win,Draw,Lose,Lose,Win,2,2,16,0.57,Sevilla FC,1.0,1.0,0.0,0.14,Win,Draw,Win,Win,Win,9,5,10,0.29,Granada CF,0.0,0.0,0.0,https://footystats.org//spain/granada-cf-vs-sevilla-fc-h2h-stats#632374,1.95,3.6,3.6,Away,2
Draw,Lose,Win,Lose,Win,10,16,5,0.57,Villarreal,0.0,0.0,0.0,0.07,Draw,Win,Win,Draw,Draw,18,20,11,0.36,Levante UD,0.0,0.0,0.0,https://footystats.org//spain/levante-ud-vs-villarreal-cf-h2h-stats#632375,2.62,3.4,2.55,Home,2
Lose,Lose,Win,Lose,Draw,15,16,14,0.25,SD Eibar,0.0,0.0,0.0,0.5,Win,Win,Win,Win,Win,7,4,8,0.25,CA Osasuna,1.0,1.0,0.0,https://footystats.org//spain/ca-osasuna-vs-sd-eibar-h2h-stats#632376,2.9,3.2,2.5,Draw,2
Win,Win,Lose,Draw,Lose,4,3,13,0.1,Real Valladolid,1.0,1.0,0.0,0.1,Lose,Draw,Lose,Win,Win,2,2,11,0.8,Real Madrid,1.0,1.0,0.0,https://footystats.org//spain/real-madrid-cf-vs-real-valladolid-club-de-futbol-h2h-stats#632377,13.0,6.5,1.2,Draw,2
Win,Win,Win,Lose,Lose,11,15,7,0.44,Valencia CF,0.0,0.0,0.0,0.25,Lose,Draw,Win,Win,Win,19,9,19,0.31,Celta de Vigo,0.0,0.0,0.0,https://footystats.org//spain/real-club-celta-de-vigo-vs-valencia-cf-h2h-stats#632378,2.25,3.4,3.1,Home,2
Lose,Lose,Win,Lose,Lose,5,7,3,0.35,Athletic Club Bilbao,1.0,0.0,1.0,0.4,Draw,Win,Draw,Win,Win,17,19,10,0.25,Getafe CF,0.0,0.0,0.0,https://footystats.org//spain/getafe-club-de-futbol-vs-athletic-club-bilbao-h2h-stats#632379,2.9,3.0,2.6,Draw,2
Win,Win,Win,Draw,Draw,20,13,20,0.63,RCD Espanyol,0.0,0.0,0.0,0.12,Win,Win,Lose,Lose,Draw,8,11,5,0.25,Deportivo Alavés,1.0,0.0,1.0,https://footystats.org//spain/deportivo-alaves-vs-reial-club-deportiu-espanyol-h2h-stats#632380,3.0,3.2,2.45,Draw,2
Draw,Lose,Win,Lose,Lose,11,7,13,0.5,Real Sociedad,0.0,0.0,0.0,0.0,Win,Win,Win,Draw,Win,6,14,2,0.5,RCD Mallorca,1.0,0.0,1.0,https://footystats.org//spain/real-club-deportivo-mallorca-vs-real-sociedad-de-futbol-h2h-stats#632381,2.4,3.1,3.1,Away,2
Win,Draw,Draw,Lose,Win,7,9,4,0.5,Atlético Madrid,1.0,0.0,1.0,0.5,Lose,Lose,Draw,Lose,Draw,19,12,19,0.0,Leganés,0.0,0.0,0.0,https://footystats.org//spain/cd-leganes-vs-club-atletico-de-madrid-h2h-stats#632383,1.8,3.4,4.75,Away,2
Win,Lose,Lose,Lose,Lose,17,15,17,0.06,Real Betis,0.0,0.0,0.0,0.18,Lose,Win,Win,Win,Win,18,17,12,0.75,FC Barcelona,0.0,0.0,0.0,https://footystats.org//spain/fc-barcelona-vs-real-betis-balompie-h2h-stats#632382,10.0,6.0,1.25,Home,2
Draw,Lose,Lose,Win,Draw,6,6,6,0.74,FC Barcelona,0.0,0.0,0.0,0.18,Win,Draw,Win,Win,Win,1,1,1,0.07,Athletic Club Bilbao,0.0,0.0,0.0,https://footystats.org//spain/athletic-club-bilbao-vs-fc-barcelona-h2h-stats#632364,1.65,3.8,5.25,Home,1
Lose,Lose,Lose,Draw,Draw,13,13,14,0.75,Real Madrid,0.0,0.0,0.0,0.12,Draw,Win,Win,Win,Win,4,4,4,0.13,Celta de Vigo,0.0,0.0,0.0,https://footystats.org//spain/real-club-celta-de-vigo-vs-real-madrid-cf-h2h-stats#632365,1.65,4.2,4.75,Away,1
Lose,Win,Lose,Lose,Draw,14,14,15,0.56,Real Sociedad,0.0,0.0,0.0,0.11,Win,Lose,Lose,Win,Win,18,18,19,0.33,Valencia CF,0.0,0.0,0.0,https://footystats.org//spain/valencia-cf-vs-real-sociedad-de-futbol-h2h-stats#632366,5.5,3.75,1.66,Draw,1
Lose,Win,Lose,Draw,Lose,16,16,17,0.5,SD Eibar,0.0,0.0,0.0,0.0,Win,Win,Draw,Win,Win,11,11,12,0.5,RCD Mallorca,0.0,0.0,0.0,https://footystats.org//spain/real-club-deportivo-mallorca-vs-sd-eibar-h2h-stats#632372,2.6,3.2,2.8,Home,1
Win,Draw,Draw,Win,Draw,3,3,3,0.5,CA Osasuna,0.0,0.0,0.0,0.16,Lose,Draw,Lose,Draw,Win,8,8,9,0.33,Leganés,0.0,0.0,0.0,https://footystats.org//spain/cd-leganes-vs-ca-osasuna-h2h-stats#632367,4.2,3.2,2.0,Away,1
Draw,Win,Draw,Win,Lose,7,7,8,0.2,Granada CF,0.0,0.0,0.0,0.2,Win,Draw,Win,Lose,Draw,19,19,20,0.6,Villarreal,0.0,0.0,0.0,https://footystats.org//spain/villarreal-cf-vs-granada-cf-h2h-stats#632368,6.5,3.8,1.6,Draw,1
Win,Lose,Lose,Lose,Draw,12,11,11,0.25,Levante UD,0.0,0.0,0.0,0.0,Win,Lose,Lose,Draw,Draw,10,8,7,0.75,Deportivo Alavés,0.0,0.0,0.0,https://footystats.org//spain/deportivo-alaves-vs-levante-ud-h2h-stats#632369,3.6,3.2,2.15,Home,1
Draw,Lose,Lose,Win,Win,16,16,18,0.58,Sevilla FC,0.0,0.0,0.0,0.2,Win,Win,Win,Win,Draw,13,12,12,0.21,RCD Espanyol,0.0,0.0,0.0,https://footystats.org//spain/reial-club-deportiu-espanyol-vs-sevilla-fc-h2h-stats#632370,2.3,3.3,3.2,Away,1
Win,Lose,Draw,Lose,Win,15,15,16,0.1,Real Valladolid,0.0,0.0,0.0,0.4,Win,Draw,Lose,Win,Lose,14,14,13,0.5,Real Betis,0.0,0.0,0.0,https://footystats.org//spain/real-betis-balompie-vs-real-valladolid-club-de-futbol-h2h-stats#632373,5.5,3.75,1.66,Away,1
Lose,Lose,Draw,Draw,Draw,11,9,9,0.15,Getafe CF,0.0,0.0,0.0,0.15,Win,Draw,Win,Win,Win,9,6,5,0.7,Atlético Madrid,0.0,0.0,0.0,https://footystats.org//spain/club-atletico-de-madrid-vs-getafe-club-de-futbol-h2h-stats#632371,8.0,4.33,1.44,Home,1
Lose,Lose,Win,Lose,Win,12,15,11,0.5,Levante UD,0.38,0.25,0.5,0.1,Win,Draw,Lose,Win,Win,9,10,6,0.4,Granada CF,0.44,0.25,0.63,https://footystats.org//spain/granada-cf-vs-levante-ud-h2h-stats#632530,3.8,3.6,2.0,Away,17
Win,Draw,Lose,Win,Win,6,4,11,0.4,Real Sociedad,0.47,0.44,0.5,0.4,Draw,Lose,Win,Win,Win,11,8,15,0.2,CA Osasuna,0.29,0.22,0.38,https://footystats.org//spain/ca-osasuna-vs-real-sociedad-de-futbol-h2h-stats#632540,2.5,3.4,2.8,Away,18
Win,Lose,Win,Lose,Lose,18,17,18,0.64,Celta de Vigo,0.18,0.13,0.22,0.14,Lose,Win,Win,Lose,Draw,12,10,12,0.21,Levante UD,0.41,0.33,0.5,https://footystats.org//spain/levante-ud-vs-real-club-celta-de-vigo-h2h-stats#632538,2.62,3.4,2.62,Home,18
Lose,Win,Lose,Win,Win,7,7,11,0.24,Real Sociedad,0.45,0.4,0.5,0.29,Draw,Draw,Draw,Lose,Win,6,5,12,0.47,Getafe CF,0.42,0.4,0.44,https://footystats.org//spain/getafe-club-de-futbol-vs-real-sociedad-de-futbol-h2h-stats#632678,3.1,3.0,2.5,Home,32
Lose,Lose,Win,Win,Lose,20,11,20,0.2,RCD Espanyol,0.17,0.27,0.08,0.2,Draw,Win,Win,Draw,Lose,5,2,14,0.6,Sevilla FC,0.48,0.5,0.45,https://footystats.org//spain/sevilla-fc-vs-reial-club-deportiu-espanyol-h2h-stats#632601,6.5,3.8,1.57,Draw,24
Win,Draw,Draw,Win,Win,18,6,20,0.31,RCD Espanyol,0.2,0.5,0.0,0.43,Lose,Win,Lose,Draw,Win,16,11,15,0.25,Celta de Vigo,0.2,0.0,0.33,https://footystats.org//spain/real-club-celta-de-vigo-vs-reial-club-deportiu-espanyol-h2h-stats#632416,4.2,3.5,1.85,Draw,6
Lose,Win,Win,Draw,Draw,11,13,7,0.42,Getafe CF,0.36,0.2,0.5,0.33,Lose,Win,Draw,Lose,Win,18,16,17,0.25,Celta de Vigo,0.18,0.0,0.33,https://footystats.org//spain/real-club-celta-de-vigo-vs-getafe-club-de-futbol-h2h-stats#632474,3.0,3.1,2.5,Away,12
Draw,Lose,Draw,Lose,Draw,5,6,5,0.69,Atlético Madrid,0.41,0.25,0.56,0.18,Win,Win,Lose,Win,Draw,13,16,7,0.13,Real Betis,0.35,0.13,0.56,https://footystats.org//spain/real-betis-balompie-vs-club-atletico-de-madrid-h2h-stats#632535,2.1,3.3,3.8,Away,18
Lose,Lose,Win,Win,Draw,12,9,15,0.13,CA Osasuna,0.26,0.18,0.33,0.18,Win,Win,Lose,Draw,Draw,10,12,8,0.69,Athletic Club Bilbao,0.3,0.08,0.55,https://footystats.org//spain/athletic-club-bilbao-vs-ca-osasuna-h2h-stats#632594,4.1,3.25,2.0,Away,24
Lose,Lose,Lose,Lose,Draw,16,18,9,0.71,Deportivo Alavés,0.27,0.0,0.5,0.0,Win,Win,Draw,Draw,Draw,12,11,15,0.29,CA Osasuna,0.27,0.17,0.4,https://footystats.org//spain/ca-osasuna-vs-deportivo-alaves-h2h-stats#632479,4.5,2.87,2.1,Home,12
Win,Lose,Win,Draw,Lose,8,14,3,0.09,Athletic Club Bilbao,0.41,0.13,0.67,0.18,Win,Draw,Win,Win,Draw,2,2,2,0.73,Real Madrid,0.59,0.44,0.75,https://footystats.org//spain/real-madrid-cf-vs-athletic-club-bilbao-h2h-stats#632541,8.0,5.25,1.33,Draw,18
Lose,Lose,Lose,Draw,Lose,16,19,9,0.19,Real Betis,0.27,0.0,0.5,0.06,Win,Win,Draw,Win,Win,2,3,2,0.75,Real Madrid,0.6,0.4,0.8,https://footystats.org//spain/real-madrid-cf-vs-real-betis-balompie-h2h-stats#632480,9.0,6.5,1.25,Draw,12
Lose,Draw,Lose,Lose,Lose,19,19,19,0.36,Leganés,0.13,0.0,0.22,0.54,Lose,Win,Draw,Win,Win,15,18,9,0.09,Deportivo Alavés,0.31,0.13,0.5,https://footystats.org//spain/deportivo-alaves-vs-cd-leganes-h2h-stats#632524,3.2,3.0,2.4,Draw,17
Lose,Draw,Draw,Lose,Draw,15,15,16,0.67,SD Eibar,0.27,0.0,0.6,0.33,Win,Lose,Draw,Lose,Lose,20,19,19,0.0,Leganés,0.09,0.0,0.17,https://footystats.org//spain/cd-leganes-vs-sd-eibar-h2h-stats#632477,3.5,3.1,2.25,Away,12
Draw,Draw,Win,Win,Lose,4,5,4,0.36,Atlético Madrid,0.45,0.4,0.5,0.32,Win,Win,Win,Win,Win,5,2,12,0.32,Sevilla FC,0.55,0.5,0.6,https://footystats.org//spain/sevilla-fc-vs-club-atletico-de-madrid-h2h-stats#632481,3.3,3.2,2.3,Draw,12
Win,Win,Lose,Lose,Win,3,3,5,0.04,Getafe CF,0.52,0.45,0.58,0.17,Win,Win,Win,Lose,Win,2,4,1,0.78,FC Barcelona,0.65,0.42,0.91,https://footystats.org//spain/fc-barcelona-vs-getafe-club-de-futbol-h2h-stats#632595,8.0,4.75,1.4,Home,24
Lose,Lose,Draw,Draw,Draw,10,14,3,0.32,Athletic Club Bilbao,0.36,0.0,0.67,0.27,Win,Win,Win,Draw,Draw,7,10,6,0.41,Villarreal,0.45,0.33,0.6,https://footystats.org//spain/villarreal-cf-vs-athletic-club-bilbao-h2h-stats#632482,4.5,3.6,1.83,Draw,12
Win,Win,Win,Lose,Draw,1,8,1,0.8,FC Barcelona,0.7,0.4,1.0,0.1,Lose,Draw,Draw,Win,Win,11,11,16,0.1,Levante UD,0.36,0.33,0.4,https://footystats.org//spain/levante-ud-vs-fc-barcelona-h2h-stats#632478,1.3,5.75,9.0,Home,12
Win,Win,Win,Lose,Win,1,4,1,0.64,FC Barcelona,0.73,0.5,1.0,0.13,Win,Draw,Lose,Win,Lose,4,3,13,0.23,Real Sociedad,0.5,0.44,0.57,https://footystats.org//spain/real-sociedad-de-futbol-vs-fc-barcelona-h2h-stats#632531,1.61,4.2,5.25,Draw,17
Lose,Lose,Draw,Win,Lose,18,18,17,0.12,Celta de Vigo,0.17,0.09,0.25,0.11,Lose,Win,Win,Draw,Draw,1,1,2,0.76,Real Madrid,0.65,0.58,0.73,https://footystats.org//spain/real-madrid-cf-vs-real-club-celta-de-vigo-h2h-stats#632600,9.0,6.0,1.28,Draw,24
Lose,Lose,Lose,Lose,Lose,17,20,12,0.38,RCD Mallorca,0.27,0.0,0.43,0.0,Win,Draw,Draw,Draw,Lose,13,7,18,0.63,Real Valladolid,0.27,0.29,0.25,https://footystats.org//spain/real-valladolid-club-de-futbol-vs-real-club-deportivo-mallorca-h2h-stats#632483,4.0,3.3,2.0,Home,12
Lose,Win,Win,Lose,Lose,6,5,5,0.36,Real Sociedad,0.5,0.38,0.62,0.27,Lose,Win,Draw,Win,Win,16,19,16,0.36,SD Eibar,0.27,0.08,0.46,https://footystats.org//spain/sd-eibar-vs-real-sociedad-de-futbol-h2h-stats#632596,2.2,3.3,3.4,Away,24
Draw,Lose,Draw,Win,Draw,13,16,11,0.44,Real Betis,0.3,0.09,0.5,0.0,Win,Lose,Win,Win,Lose,19,19,19,0.56,Leganés,0.17,0.0,0.33,https://footystats.org//spain/cd-leganes-vs-real-betis-balompie-h2h-stats#632598,3.1,3.2,2.4,Draw,24
Win,Win,Win,Win,Draw,7,1,17,0.5,Sevilla FC,0.6,1.0,0.0,0.4,Lose,Draw,Win,Lose,Win,19,13,19,0.1,SD Eibar,0.0,0.0,0.0,https://footystats.org//spain/sd-eibar-vs-sevilla-fc-h2h-stats#632417,2.15,3.3,3.5,Home,6
Win,Lose,Draw,Lose,Lose,20,13,20,0.67,RCD Espanyol,0.12,0.25,0.0,0.0,Win,Lose,Lose,Win,Lose,19,19,19,0.33,Leganés,0.12,0.0,0.22,https://footystats.org//spain/cd-leganes-vs-reial-club-deportiu-espanyol-h2h-stats#632537,3.9,3.1,2.1,Home,18
Lose,Lose,Lose,Draw,Lose,11,13,9,0.4,Levante UD,0.39,0.25,0.55,0.06,Win,Lose,Win,Draw,Lose,8,6,11,0.53,Villarreal,0.43,0.42,0.45,https://footystats.org//spain/villarreal-cf-vs-levante-ud-h2h-stats#632603,6.0,4.5,1.5,Home,24
Win,Lose,Draw,Draw,Win,15,8,18,0.29,Real Valladolid,0.22,0.25,0.18,0.28,Win,Win,Win,Lose,Win,10,15,6,0.43,Granada CF,0.39,0.17,0.64,https://footystats.org//spain/granada-cf-vs-real-valladolid-club-de-futbol-h2h-stats#632597,3.3,3.0,2.4,Home,24
Draw,Win,Lose,Lose,Lose,14,17,12,0.57,Deportivo Alavés,0.3,0.18,0.42,0.14,Lose,Win,Lose,Lose,Win,18,20,15,0.29,RCD Mallorca,0.22,0.0,0.42,https://footystats.org//spain/real-club-deportivo-mallorca-vs-deportivo-alaves-h2h-stats#632599,3.1,3.2,2.4,Home,24
Draw,Draw,Draw,Win,Draw,4,2,10,0.44,Sevilla FC,0.44,0.44,0.44,0.33,Draw,Lose,Draw,Draw,Win,19,17,19,0.22,Leganés,0.16,0.06,0.25,https://footystats.org//spain/cd-leganes-vs-sevilla-fc-h2h-stats#632688,,,,Away,33
Win,Win,Draw,Win,Draw,3,3,3,0.15,Atlético Madrid,0.47,0.31,0.63,0.21,Win,Win,Win,Win,Win,2,4,1,0.64,FC Barcelona,0.66,0.38,0.94,https://footystats.org//spain/fc-barcelona-vs-club-atletico-de-madrid-h2h-stats#632685,,,,Draw,33
Win,Draw,Draw,Draw,Draw,17,12,16,0.0,Celta de Vigo,0.22,0.13,0.31,0.66,Draw,Lose,Lose,Win,Lose,18,20,17,0.33,RCD Mallorca,0.22,0.06,0.38,https://footystats.org//spain/real-club-deportivo-mallorca-vs-real-club-celta-de-vigo-h2h-stats#632689,,,,Home,33
